Shipment_ID,Date_ID,Vendor_ID,Route_ID,Weight_tons,Distance_km,Actual_Delay_Days,CO2_Emission_kg,Delay_Risk_Probability,Risk_Level
SHP-00001,20250801,VEND-019,RT-a9c48ea86d,15.0,220.1,0,473.12,0.06,Low Risk
SHP-00002,20250801,VEND-005,RT-cea72266a8,24.79,1599.7,1,4852.43,0.3,Medium Risk
SHP-00003,20250801,VEND-010,RT-146bc4a595,6.79,495.2,2,464.9,0.06,Low Risk
SHP-00004,20250801,VEND-012,RT-9fac67dc68,7.29,604.9,0,350.95,0.03,Low Risk
SHP-00005,20250802,VEND-013,RT-71ecc7a1a3,3.22,588.2,0,260.15,0.1,Low Risk
SHP-00006,20250802,VEND-002,RT-1ff0786b76,14.3,427.3,0,793.81,0.37,Medium Risk
SHP-00007,20250802,VEND-014,RT-bbc8bef68a,15.72,386.3,0,224.74,0.09,Low Risk
SHP-00008,20250802,VEND-004,RT-262f64c123,18.42,1283.3,0,3097.41,0.08,Low Risk
SHP-00009,20250803,VEND-019,RT-340297eb0d,9.05,1351.9,0,1780.11,0.51,High Risk
SHP-00010,20250803,VEND-018,RT-f0b15e80be,1.29,381.6,0,73.13,0.21,Medium Risk
SHP-00011,20250803,VEND-024,RT-29f293760a,16.17,1502.3,1,3505.42,0.18,Low Risk
SHP-00012,20250803,VEND-019,RT-94dd13939f,24.97,303.2,0,1043.7,0.1,Low Risk
SHP-00013,20250803,VEND-010,RT-2dfd6ceb8f,8.07,637.4,0,179.77,0.06,Low Risk
SHP-00014,20250803,VEND-025,RT-0f034d0fe3,5.41,299.4,0,141.81,0.02,Low Risk
SHP-00015,20250804,VEND-011,RT-fbdd79be76,7.76,1092.7,0,1260.05,0.27,Medium Risk
SHP-00016,20250804,VEND-009,RT-f7e0824f94,11.21,715.6,0,1082.26,0.19,Low Risk
SHP-00017,20250804,VEND-023,RT-946062dcbc,7.02,579.3,0,565.3,0.16,Low Risk
SHP-00018,20250804,VEND-010,RT-ee51a4898a,9.33,618.5,0,217.57,0.1,Low Risk
SHP-00019,20250805,VEND-002,RT-ec4e731994,16.32,915.4,0,2001.07,0.09,Low Risk
SHP-00020,20250806,VEND-012,RT-a0a97fd829,9.28,794.9,0,317.85,0.08,Low Risk
SHP-00021,20250806,VEND-020,RT-ba75a214a0,10.51,620.2,0,913.24,0.24,Medium Risk
SHP-00022,20250806,VEND-005,RT-172e6cb153,1.96,624.7,0,101.68,0.18,Low Risk
SHP-00023,20250806,VEND-012,RT-9476b9a586,23.03,701.3,0,551.28,0.2,Medium Risk
SHP-00024,20250806,VEND-004,RT-f0c228dcb5,10.77,363.7,3,549.7,0.09,Low Risk
SHP-00025,20250807,VEND-018,RT-c389a963e3,8.88,127.3,0,102.84,0.45,Medium Risk
SHP-00026,20250808,VEND-012,RT-e0f1c6eaf3,3.08,878.3,0,246.17,0.06,Low Risk
SHP-00027,20250808,VEND-009,RT-09f53b9ad7,16.22,207.8,2,294.68,0.35,Medium Risk
SHP-00028,20250809,VEND-006,RT-b52cd53150,21.73,546.4,0,1671.3,0.05,Low Risk
SHP-00029,20250809,VEND-015,RT-1056cd6e6e,1.99,524.7,0,143.26,0.22,Medium Risk
SHP-00030,20250809,VEND-017,RT-dc7ef1515f,4.49,209.8,0,78.49,0.09,Low Risk
SHP-00031,20250809,VEND-024,RT-714093c94b,4.51,1132.6,0,410.97,0.11,Low Risk
SHP-00032,20250809,VEND-011,RT-91864aa768,15.45,1437.9,0,3105.1,0.27,Medium Risk
SHP-00033,20250809,VEND-005,RT-748c8deea2,23.11,1111.3,0,3349.17,0.27,Medium Risk
SHP-00034,20250810,VEND-021,RT-1481d34cd2,11.51,342.6,0,531.11,0.05,Low Risk
SHP-00035,20250810,VEND-016,RT-b21569e990,9.25,931.9,3,1146.94,0.13,Low Risk
SHP-00036,20250810,VEND-018,RT-312363737a,19.38,511.0,0,1425.39,0.6,High Risk
SHP-00037,20250811,VEND-003,RT-3931b0cc4d,18.82,608.4,0,394.77,0.22,Medium Risk
SHP-00038,20250811,VEND-008,RT-6cc9f25e9e,6.92,1018.2,0,945.39,0.02,Low Risk
SHP-00039,20250811,VEND-020,RT-4c35606a37,4.86,459.4,0,82.82,0.08,Low Risk
SHP-00040,20250812,VEND-021,RT-7ddc6d8af5,9.59,78.4,2,123.45,0.08,Low Risk
SHP-00041,20250812,VEND-011,RT-d9e3a073c9,19.61,647.0,0,1730.53,0.04,Low Risk
SHP-00042,20250812,VEND-021,RT-e3314857ba,17.68,316.0,0,737.55,0.05,Low Risk
SHP-00043,20250812,VEND-022,RT-52a671aee5,16.98,551.1,0,788.01,0.09,Low Risk
SHP-00044,20250812,VEND-010,RT-b089f4322e,20.91,789.9,0,634.04,0.24,Medium Risk
SHP-00045,20250812,VEND-023,RT-3084ee88f9,7.65,226.1,0,158.87,0.11,Low Risk
SHP-00046,20250813,VEND-008,RT-a9eb3b164d,9.15,163.4,0,130.06,0.09,Low Risk
SHP-00047,20250813,VEND-006,RT-9dd1ac128e,2.02,1452.5,0,248.22,0.15,Low Risk
SHP-00048,20250813,VEND-018,RT-1a9c864357,21.85,562.9,0,1515.87,0.29,Medium Risk
SHP-00049,20250813,VEND-016,RT-a2397dce75,14.98,748.3,0,406.71,0.1,Low Risk
SHP-00050,20250814,VEND-004,RT-6b0dcd7e51,8.15,878.9,0,582.91,0.03,Low Risk
SHP-00051,20250814,VEND-021,RT-21bcdcf849,2.67,851.7,0,193.21,0.06,Low Risk
SHP-00052,20250814,VEND-005,RT-2414da2a30,18.36,446.9,3,1240.73,0.92,High Risk
SHP-00053,20250815,VEND-021,RT-a7dd81234c,18.97,863.6,0,574.58,0.11,Low Risk
SHP-00054,20250815,VEND-001,RT-518c8280fe,16.99,1119.5,0,2721.54,0.08,Low Risk
SHP-00055,20250816,VEND-020,RT-08011578e9,5.89,401.3,0,308.12,0.06,Low Risk
SHP-00056,20250816,VEND-020,RT-12f620d1d2,22.92,632.4,0,482.02,0.06,Low Risk
SHP-00057,20250816,VEND-020,RT-951082b168,19.08,634.1,0,453.31,0.05,Low Risk
SHP-00058,20250816,VEND-017,RT-ebb1194f2e,16.79,247.2,1,577.31,0.04,Low Risk
SHP-00059,20250817,VEND-012,RT-f48f2e173d,16.62,625.2,0,1354.08,0.07,Low Risk
SHP-00060,20250817,VEND-018,RT-5ef5a4a48a,22.7,207.3,0,161.64,0.25,Medium Risk
SHP-00061,20250818,VEND-007,RT-d632929be4,23.28,857.8,0,2595.18,0.04,Low Risk
SHP-00062,20250818,VEND-020,RT-c7f074fd5d,15.3,569.2,0,1228.99,0.06,Low Risk
SHP-00063,20250818,VEND-014,RT-12d5ec3851,11.0,370.1,0,531.67,0.1,Low Risk
SHP-00064,20250819,VEND-012,RT-c827b70c35,9.73,522.8,0,407.33,0.08,Low Risk
SHP-00065,20250819,VEND-013,RT-81f5d62073,20.66,393.0,0,1085.23,0.06,Low Risk
SHP-00066,20250819,VEND-015,RT-eccf008620,16.47,1126.6,0,2418.23,0.18,Low Risk
SHP-00067,20250819,VEND-001,RT-4c9c770335,2.85,620.2,0,64.92,0.16,Low Risk
SHP-00068,20250819,VEND-004,RT-2ad3e6cc27,4.41,1045.8,0,619.27,0.02,Low Risk
SHP-00069,20250820,VEND-007,RT-e26df9b760,22.6,705.9,0,635.97,0.18,Low Risk
SHP-00070,20250820,VEND-003,RT-f4d4f6c665,22.23,324.1,0,585.23,0.05,Low Risk
SHP-00071,20250821,VEND-011,RT-647268deea,23.84,1042.4,0,3424.78,0.09,Low Risk
SHP-00072,20250821,VEND-017,RT-2ebb68dce5,11.27,547.8,0,817.2,0.08,Low Risk
SHP-00073,20250821,VEND-017,RT-ff1182c506,19.82,977.2,0,2862.61,0.12,Low Risk
SHP-00074,20250821,VEND-012,RT-65e3d4df84,20.88,931.6,0,2633.36,0.16,Low Risk
SHP-00075,20250822,VEND-022,RT-3b68a02176,8.58,236.7,0,289.99,0.44,Medium Risk
SHP-00076,20250822,VEND-015,RT-6c3e0a50be,4.49,427.5,0,247.09,0.32,Medium Risk
SHP-00077,20250823,VEND-002,RT-5ac412a3f3,24.93,535.4,2,513.23,0.32,Medium Risk
SHP-00078,20250823,VEND-020,RT-c29a9978c8,1.73,457.1,0,116.04,0.13,Low Risk
SHP-00079,20250823,VEND-015,RT-471216bdfc,15.34,1042.0,0,1995.26,0.1,Low Risk
SHP-00080,20250823,VEND-016,RT-c1cc233a88,16.61,752.9,0,1637.3,0.09,Low Risk
SHP-00081,20250823,VEND-015,RT-906a485537,17.36,327.7,0,203.16,0.14,Low Risk
SHP-00082,20250823,VEND-014,RT-26bd1c459e,7.14,353.9,4,237.05,0.38,Medium Risk
SHP-00083,20250823,VEND-003,RT-bafade67a8,18.32,1278.0,0,3293.88,0.16,Low Risk
SHP-00084,20250823,VEND-014,RT-225e22ca0e,6.19,977.8,0,829.57,0.28,Medium Risk
SHP-00085,20250824,VEND-020,RT-104ad7828c,20.9,632.0,0,491.14,0.05,Low Risk
SHP-00086,20250824,VEND-008,RT-8eb681d955,6.26,246.4,0,207.47,0.02,Low Risk
SHP-00087,20250824,VEND-016,RT-7e90261736,17.72,48.2,0,121.94,0.19,Low Risk
SHP-00088,20250825,VEND-001,RT-9457fb5367,19.8,688.0,0,1825.45,0.02,Low Risk
SHP-00089,20250825,VEND-009,RT-30b0e87356,5.53,1218.8,0,536.59,0.22,Medium Risk
SHP-00090,20250825,VEND-011,RT-e5b3697359,6.71,938.8,0,873.39,0.14,Low Risk
SHP-00091,20250825,VEND-025,RT-a6794fcaae,19.7,267.6,2,725.52,0.1,Low Risk
SHP-00092,20250826,VEND-006,RT-6cc9f25e9e,3.06,1077.1,0,471.42,0.04,Low Risk
SHP-00093,20250826,VEND-007,RT-43fd62de5a,5.58,346.7,0,183.31,0.09,Low Risk
SHP-00094,20250826,VEND-011,RT-e5b3697359,11.93,934.7,0,1491.11,0.11,Low Risk
SHP-00095,20250826,VEND-025,RT-75f5fb28b6,23.32,761.4,0,678.46,0.11,Low Risk
SHP-00096,20250826,VEND-022,RT-ac9a0dad0a,14.49,832.7,0,459.62,0.11,Low Risk
SHP-00097,20250827,VEND-001,RT-08e88cc23b,10.3,775.1,0,289.34,0.08,Low Risk
SHP-00098,20250827,VEND-006,RT-fef130b398,24.48,689.0,0,2154.08,0.05,Low Risk
SHP-00099,20250827,VEND-021,RT-03d2447dee,12.13,114.6,1,125.25,0.08,Low Risk
SHP-00100,20250827,VEND-002,RT-156e227580,11.41,636.0,0,615.45,0.23,Medium Risk
SHP-00101,20250828,VEND-022,RT-61aceb9c42,10.88,1323.5,1,2009.23,0.25,Medium Risk
SHP-00102,20250828,VEND-008,RT-1afc27f37b,8.49,428.5,0,516.83,0.08,Low Risk
SHP-00103,20250828,VEND-023,RT-307f59cf09,8.82,681.0,0,847.58,0.1,Low Risk
SHP-00104,20250829,VEND-008,RT-ae9c9a0bf6,17.51,604.1,0,1437.16,0.07,Low Risk
SHP-00105,20250829,VEND-011,RT-337a44280c,1.98,329.4,1,97.65,0.23,Medium Risk
SHP-00106,20250830,VEND-017,RT-6aaead2aa2,17.36,537.4,2,1221.93,0.07,Low Risk
SHP-00107,20250830,VEND-004,RT-cdc493fbd3,5.83,763.3,0,566.17,0.06,Low Risk
SHP-00108,20250831,VEND-014,RT-13746d025e,10.22,645.1,0,232.99,0.07,Low Risk
SHP-00109,20250831,VEND-013,RT-addf6c4a27,4.52,491.7,1,194.1,0.29,Medium Risk
SHP-00110,20250831,VEND-020,RT-bd1289fab6,14.27,593.5,0,319.67,0.04,Low Risk
SHP-00111,20250831,VEND-025,RT-d694fb4244,18.5,391.5,0,268.7,0.11,Low Risk
SHP-00112,20250901,VEND-017,RT-dd8fafb807,9.51,1185.8,2,1556.38,0.08,Low Risk
SHP-00113,20250901,VEND-011,RT-9fe27aab0f,4.92,892.6,0,634.32,0.42,Medium Risk
SHP-00114,20250902,VEND-011,RT-1abe8410eb,6.44,1031.9,0,530.24,0.09,Low Risk
SHP-00115,20250902,VEND-011,RT-904f99d596,20.63,258.5,3,852.88,0.81,High Risk
SHP-00116,20250902,VEND-021,RT-761c3198d4,7.42,1411.3,0,1453.9,0.3,Medium Risk
SHP-00117,20250903,VEND-009,RT-0259f7bb9d,19.59,553.0,0,956.0,0.41,Medium Risk
SHP-00118,20250903,VEND-005,RT-105afac7e7,8.95,651.1,3,536.38,0.3,Medium Risk
SHP-00119,20250903,VEND-009,RT-59634939a5,5.53,903.5,2,692.2,0.51,High Risk
SHP-00120,20250904,VEND-001,RT-8c5292624f,18.46,621.7,0,394.78,0.25,Medium Risk
SHP-00121,20250904,VEND-003,RT-f48f2e173d,12.25,619.8,0,978.74,0.02,Low Risk
SHP-00122,20250904,VEND-003,RT-e42ce95473,1.75,983.4,0,230.39,0.05,Low Risk
SHP-00123,20250905,VEND-020,RT-1a4a57aca7,24.04,961.7,0,3089.91,0.1,Low Risk
SHP-00124,20250905,VEND-019,RT-60edb57540,4.55,355.0,0,233.29,0.08,Low Risk
SHP-00125,20250905,VEND-018,RT-e1194131e9,9.48,234.6,2,91.3,0.89,High Risk
SHP-00126,20250905,VEND-012,RT-2814521acb,10.24,890.3,0,343.33,0.26,Medium Risk
SHP-00127,20250906,VEND-018,RT-fbb7f0dff8,12.75,474.2,0,839.46,0.56,High Risk
SHP-00128,20250906,VEND-005,RT-0fc9ef7384,19.85,1531.6,1,2694.31,0.31,Medium Risk
SHP-00129,20250906,VEND-023,RT-b3b8987f50,1.15,881.3,0,136.9,0.13,Low Risk
SHP-00130,20250906,VEND-013,RT-db36beed80,23.38,1260.8,0,3938.19,0.12,Low Risk
SHP-00131,20250906,VEND-024,RT-9b80acd612,16.5,960.0,0,2211.83,0.11,Low Risk
SHP-00132,20250907,VEND-004,RT-dce272c8dc,23.82,337.5,0,1104.81,0.08,Low Risk
SHP-00133,20250907,VEND-013,RT-2abd7b5435,20.62,231.6,0,654.07,0.02,Low Risk
SHP-00134,20250907,VEND-018,RT-fa7666f7f9,23.27,609.3,3,2065.3,0.32,Medium Risk
SHP-00135,20250908,VEND-013,RT-1863b483f0,15.42,319.1,0,426.31,0.07,Low Risk
SHP-00136,20250908,VEND-012,RT-d9c5e3933a,9.58,556.1,0,180.54,0.07,Low Risk
SHP-00137,20250909,VEND-005,RT-688cc46603,11.63,746.7,0,333.62,0.38,Medium Risk
SHP-00138,20250910,VEND-010,RT-b20aa27593,16.79,398.4,1,956.98,0.84,High Risk
SHP-00139,20250910,VEND-006,RT-dd3089098e,11.25,391.2,0,341.79,0.06,Low Risk
SHP-00140,20250910,VEND-008,RT-77aa52405d,18.56,628.0,0,1687.56,0.06,Low Risk
SHP-00141,20250911,VEND-018,RT-0f0e46ddc4,3.2,627.1,0,270.72,0.14,Low Risk
SHP-00142,20250911,VEND-016,RT-6f93dc2f02,20.92,1206.1,0,2025.77,0.12,Low Risk
SHP-00143,20250911,VEND-016,RT-21559630dc,5.9,482.7,0,236.83,0.1,Low Risk
SHP-00144,20250911,VEND-010,RT-749caac497,23.65,1001.3,2,3484.12,0.11,Low Risk
SHP-00145,20250911,VEND-024,RT-3b5f662070,4.73,1039.1,0,702.49,0.06,Low Risk
SHP-00146,20250911,VEND-003,RT-6a1047d9f8,4.1,601.4,0,213.48,0.17,Low Risk
SHP-00147,20250912,VEND-009,RT-3b3bb9ff11,20.49,819.1,0,1407.35,0.15,Low Risk
SHP-00148,20250912,VEND-003,RT-61ce102a0d,20.65,221.7,0,193.59,0.11,Low Risk
SHP-00149,20250912,VEND-009,RT-8f3aa30891,18.73,1206.2,1,3029.13,0.45,Medium Risk
SHP-00150,20250913,VEND-025,RT-0f570920d4,24.05,578.1,0,1724.56,0.03,Low Risk
SHP-00151,20250913,VEND-010,RT-8d7e810259,7.49,955.2,0,241.45,0.06,Low Risk
SHP-00152,20250913,VEND-023,RT-81bb400079,20.84,698.1,0,2122.08,0.07,Low Risk
SHP-00153,20250913,VEND-013,RT-ba89133d4d,9.45,805.9,0,669.83,0.19,Low Risk
SHP-00154,20250913,VEND-018,RT-636908aa95,13.9,348.5,2,663.59,0.34,Medium Risk
SHP-00155,20250914,VEND-012,RT-9fa87092e7,11.69,1198.2,0,1147.88,0.07,Low Risk
SHP-00156,20250914,VEND-007,RT-ba7071915c,1.14,333.4,0,34.71,0.17,Low Risk
SHP-00157,20250914,VEND-020,RT-2d0d6d7f31,14.79,1182.7,0,2410.57,0.22,Medium Risk
SHP-00158,20250914,VEND-025,RT-f46db3bca5,18.94,324.0,0,244.15,0.19,Low Risk
SHP-00159,20250915,VEND-007,RT-2bc556fdb5,5.19,640.6,0,302.4,0.22,Medium Risk
SHP-00160,20250915,VEND-020,RT-3fe18ccb7a,23.36,776.5,0,2615.73,0.09,Low Risk
SHP-00161,20250915,VEND-007,RT-b3a9246297,13.73,453.3,1,232.41,0.04,Low Risk
SHP-00162,20250916,VEND-018,RT-de82506e87,5.28,467.8,1,361.31,0.5,High Risk
SHP-00163,20250916,VEND-020,RT-aec99a4010,16.5,351.3,0,756.01,0.1,Low Risk
SHP-00164,20250916,VEND-012,RT-20b9faf86b,5.61,441.9,0,203.53,0.08,Low Risk
SHP-00165,20250916,VEND-019,RT-c18066771f,2.52,733.1,2,241.66,0.03,Low Risk
SHP-00166,20250917,VEND-007,RT-97499b37e5,17.45,1365.0,0,3188.94,0.15,Low Risk
SHP-00167,20250917,VEND-002,RT-10cefd379e,3.66,989.6,0,141.15,0.32,Medium Risk
SHP-00168,20250917,VEND-003,RT-8b6016162e,3.55,418.6,0,204.83,0.05,Low Risk
SHP-00169,20250917,VEND-012,RT-a4708fee9f,18.76,541.9,3,924.7,0.05,Low Risk
SHP-00170,20250918,VEND-023,RT-26a8aeb5e1,2.32,1329.1,0,259.25,0.1,Low Risk
SHP-00171,20250918,VEND-004,RT-c8e953691c,20.43,1693.1,0,4599.09,0.12,Low Risk
SHP-00172,20250918,VEND-012,RT-628fd211f3,20.11,637.1,0,1679.44,0.06,Low Risk
SHP-00173,20250918,VEND-018,RT-ca14637242,4.39,610.5,2,374.02,0.45,Medium Risk
SHP-00174,20250918,VEND-006,RT-8eca020546,13.44,1214.3,0,568.95,0.09,Low Risk
SHP-00175,20250919,VEND-019,RT-8f48178403,3.32,722.9,0,352.07,0.07,Low Risk
SHP-00176,20250919,VEND-008,RT-23ab4b2e00,16.18,424.2,0,246.0,0.1,Low Risk
SHP-00177,20250919,VEND-021,RT-e0de24df37,2.51,145.3,0,33.79,0.08,Low Risk
SHP-00178,20250919,VEND-015,RT-6b73bc42f5,23.67,437.8,0,1610.97,0.41,Medium Risk
SHP-00179,20250919,VEND-014,RT-7dc637a23e,5.99,570.8,0,492.68,0.13,Low Risk
SHP-00180,20250920,VEND-005,RT-86a71ee8f7,17.39,226.2,1,160.01,0.26,Medium Risk
SHP-00181,20250920,VEND-012,RT-061ba220b7,4.08,579.5,0,320.78,0.03,Low Risk
SHP-00182,20250920,VEND-022,RT-fa3738b4fe,6.03,130.9,0,73.81,0.09,Low Risk
SHP-00183,20250920,VEND-001,RT-dd5fe68896,11.82,118.7,0,56.29,0.12,Low Risk
SHP-00184,20250921,VEND-019,RT-64d5c219bd,14.75,352.1,0,697.5,0.08,Low Risk
SHP-00185,20250921,VEND-013,RT-98b28d90bc,24.97,968.8,0,3243.87,0.12,Low Risk
SHP-00186,20250921,VEND-018,RT-08011578e9,1.62,393.3,2,88.72,0.24,Medium Risk
SHP-00187,20250921,VEND-017,RT-e099619ab9,1.01,287.6,1,11.24,0.12,Low Risk
SHP-00188,20250922,VEND-011,RT-16320f9147,9.41,138.1,0,123.27,0.16,Low Risk
SHP-00189,20250922,VEND-008,RT-d644194dbc,9.79,399.3,0,319.44,0.1,Low Risk
SHP-00190,20250922,VEND-016,RT-5094289c01,22.21,468.9,0,1491.46,0.31,Medium Risk
SHP-00191,20250922,VEND-004,RT-a099a09200,22.9,1226.8,0,1096.78,0.16,Low Risk
SHP-00192,20250922,VEND-015,RT-9b80acd612,22.13,927.6,0,3025.34,0.21,Medium Risk
SHP-00193,20250923,VEND-003,RT-36a9a3ef11,4.44,887.3,0,345.66,0.23,Medium Risk
SHP-00194,20250923,VEND-017,RT-46ca6e85ab,10.89,168.4,0,240.56,0.09,Low Risk
SHP-00195,20250923,VEND-016,RT-11644546be,18.9,668.8,0,1669.99,0.1,Low Risk
SHP-00196,20250923,VEND-003,RT-44c157a309,8.5,953.0,1,290.99,0.15,Low Risk
SHP-00197,20250924,VEND-019,RT-546108983e,16.92,328.1,0,702.74,0.07,Low Risk
SHP-00198,20250924,VEND-011,RT-d1d4109bb2,6.69,393.0,0,235.87,0.09,Low Risk
SHP-00199,20250925,VEND-020,RT-a53e8839e0,8.76,542.1,1,628.81,0.2,Medium Risk
SHP-00200,20250925,VEND-002,RT-e93243aa9f,21.65,1144.7,0,3258.82,0.1,Low Risk
SHP-00201,20250925,VEND-005,RT-232f640f0a,7.01,730.0,0,426.8,0.51,High Risk
SHP-00202,20250925,VEND-013,RT-93a63d81fc,24.14,502.8,0,1011.65,0.05,Low Risk
SHP-00203,20250925,VEND-005,RT-fdcb1ac27a,8.35,1568.8,0,1599.72,0.43,Medium Risk
SHP-00204,20250926,VEND-009,RT-f18666a1ec,1.56,822.9,1,114.86,0.35,Medium Risk
SHP-00205,20250926,VEND-017,RT-fd4e1dee31,7.12,471.7,2,284.11,0.25,Medium Risk
SHP-00206,20250927,VEND-004,RT-0aefe18063,5.11,169.2,0,130.0,0.09,Low Risk
SHP-00207,20250927,VEND-017,RT-8b0f316258,13.16,1042.8,0,1825.91,0.08,Low Risk
SHP-00208,20250928,VEND-003,RT-9d709cacba,3.71,1259.1,0,652.03,0.06,Low Risk
SHP-00209,20250928,VEND-005,RT-15ffb89306,16.03,222.9,0,290.93,0.17,Low Risk
SHP-00210,20250928,VEND-015,RT-ed12617481,22.0,123.6,0,353.82,0.12,Low Risk
SHP-00211,20250929,VEND-020,RT-d41996745b,9.7,862.2,0,1085.34,0.04,Low Risk
SHP-00212,20250929,VEND-005,RT-1230553018,5.04,106.2,0,48.82,0.24,Medium Risk
SHP-00213,20250929,VEND-008,RT-bff010e57b,10.6,474.1,0,731.32,0.1,Low Risk
SHP-00214,20250929,VEND-024,RT-eef8b38ab6,19.86,44.7,0,135.03,0.14,Low Risk
SHP-00215,20250929,VEND-025,RT-7c1e6ebe66,15.2,930.4,0,1169.38,0.23,Medium Risk
SHP-00216,20250929,VEND-015,RT-653b3a7d79,3.43,449.9,0,127.07,0.12,Low Risk
SHP-00217,20250930,VEND-012,RT-995b28e068,13.89,512.9,0,608.52,0.11,Low Risk
SHP-00218,20250930,VEND-009,RT-eacda3e432,12.23,1268.6,1,2061.8,0.34,Medium Risk
SHP-00219,20250930,VEND-016,RT-e3e5dc252b,8.85,76.4,0,93.97,0.11,Low Risk
SHP-00220,20250930,VEND-015,RT-eeca7b929a,3.64,1254.8,0,675.31,0.32,Medium Risk
SHP-00221,20251001,VEND-008,RT-c5b0b85bd5,24.55,863.9,0,2767.77,0.05,Low Risk
SHP-00222,20251001,VEND-001,RT-33bcb8a39c,5.23,499.4,0,369.86,0.11,Low Risk
SHP-00223,20251001,VEND-004,RT-2a85061698,5.63,766.4,0,397.87,0.11,Low Risk
SHP-00224,20251001,VEND-024,RT-ba8e94f54e,4.49,317.0,0,111.72,0.07,Low Risk
SHP-00225,20251002,VEND-011,RT-37170bfe29,14.68,882.7,0,1724.58,0.07,Low Risk
SHP-00226,20251002,VEND-013,RT-f48f2e173d,11.65,614.5,0,973.37,0.05,Low Risk
SHP-00227,20251002,VEND-012,RT-aee2ec7ed1,6.99,837.1,0,217.62,0.05,Low Risk
SHP-00228,20251003,VEND-020,RT-bd9093e5d3,11.31,973.1,0,1537.42,0.05,Low Risk
SHP-00229,20251003,VEND-002,RT-00a76590ca,17.16,674.9,0,461.65,0.66,High Risk
SHP-00230,20251003,VEND-003,RT-7648b04fa7,7.76,594.8,0,616.39,0.02,Low Risk
SHP-00231,20251003,VEND-007,RT-64161f4a59,22.97,656.2,1,542.03,0.08,Low Risk
SHP-00232,20251003,VEND-013,RT-0004cf6c4f,8.35,1587.6,2,1977.32,0.17,Low Risk
SHP-00233,20251003,VEND-017,RT-6ea008aee5,5.76,1560.0,0,1222.79,0.3,Medium Risk
SHP-00234,20251004,VEND-013,RT-06d2cd2fe1,23.91,299.5,0,671.77,0.3,Medium Risk
SHP-00235,20251004,VEND-012,RT-950482d123,20.45,668.3,0,1881.66,0.06,Low Risk
SHP-00236,20251004,VEND-024,RT-6e7eac0945,9.24,856.2,0,1094.81,0.09,Low Risk
SHP-00237,20251004,VEND-005,RT-4ae2e56113,21.19,399.9,0,318.86,0.55,High Risk
SHP-00238,20251004,VEND-015,RT-5048013676,13.45,657.6,0,1192.23,0.09,Low Risk
SHP-00239,20251004,VEND-014,RT-08bcbd4596,9.32,900.4,0,1081.69,0.04,Low Risk
SHP-00240,20251005,VEND-012,RT-f0af7b2356,21.15,529.8,0,1553.69,0.06,Low Risk
SHP-00241,20251005,VEND-021,RT-24fbeba960,19.05,286.2,0,771.87,0.22,Medium Risk
SHP-00242,20251005,VEND-007,RT-6666d73beb,8.15,402.9,1,289.63,0.09,Low Risk
SHP-00243,20251005,VEND-024,RT-68a5ff677e,15.56,530.0,1,1147.83,0.06,Low Risk
SHP-00244,20251006,VEND-009,RT-9b39415497,9.87,476.0,1,396.29,0.25,Medium Risk
SHP-00245,20251006,VEND-014,RT-a9699e0ac5,1.03,1186.8,0,46.82,0.08,Low Risk
SHP-00246,20251007,VEND-014,RT-076ef68a1c,24.08,776.0,0,2524.47,0.12,Low Risk
SHP-00247,20251007,VEND-022,RT-ee8be72d66,14.19,454.6,0,899.89,0.23,Medium Risk
SHP-00248,20251007,VEND-011,RT-f56049e26b,15.36,627.2,0,1274.82,0.07,Low Risk
SHP-00249,20251007,VEND-008,RT-212c9109dc,15.4,951.8,0,2103.68,0.21,Medium Risk
SHP-00250,20251008,VEND-001,RT-a7cdada9ed,14.22,1203.3,0,2225.6,0.05,Low Risk
SHP-00251,20251008,VEND-010,RT-f9e71043c5,7.96,891.9,0,587.1,0.1,Low Risk
SHP-00252,20251008,VEND-021,RT-ab41c50a52,24.32,1719.8,0,5800.4,0.11,Low Risk
SHP-00253,20251009,VEND-001,RT-c85fce42ec,15.92,493.8,0,289.83,0.47,Medium Risk
SHP-00254,20251009,VEND-023,RT-529fa26ec6,17.1,330.5,0,803.97,0.4,Medium Risk
SHP-00255,20251009,VEND-014,RT-162f9d8ee6,11.92,164.0,0,77.21,0.34,Medium Risk
SHP-00256,20251009,VEND-004,RT-7c0728f0fe,7.91,456.4,0,487.4,0.55,High Risk
SHP-00257,20251010,VEND-008,RT-d10228d14c,2.54,639.8,0,223.58,0.3,Medium Risk
SHP-00258,20251010,VEND-014,RT-d02fb41994,9.41,1155.2,0,919.68,0.05,Low Risk
SHP-00259,20251010,VEND-008,RT-a004c18a93,5.23,776.5,0,583.24,0.05,Low Risk
SHP-00260,20251010,VEND-003,RT-76b6f0c3de,16.89,231.6,0,361.31,0.47,Medium Risk
SHP-00261,20251011,VEND-017,RT-36a2695ca7,22.1,1026.2,0,3223.68,0.05,Low Risk
SHP-00262,20251011,VEND-017,RT-011b2e6a79,8.27,231.3,0,159.66,0.07,Low Risk
SHP-00263,20251011,VEND-003,RT-a611ba2b22,8.99,335.8,0,435.95,0.53,High Risk
SHP-00264,20251011,VEND-008,RT-64864d4234,17.09,620.5,0,1420.94,0.05,Low Risk
SHP-00265,20251012,VEND-007,RT-299179e4df,4.58,295.5,1,130.36,0.43,Medium Risk
SHP-00266,20251012,VEND-017,RT-0dbedfa903,23.31,389.8,0,1320.85,0.21,Medium Risk
SHP-00267,20251012,VEND-019,RT-c23f8637a0,9.73,1248.1,0,1624.72,0.07,Low Risk
SHP-00268,20251012,VEND-019,RT-e3accadd58,3.43,1087.7,2,156.5,0.07,Low Risk
SHP-00269,20251012,VEND-024,RT-30c5264d00,5.19,1067.7,0,443.46,0.05,Low Risk
SHP-00270,20251012,VEND-020,RT-b52f4608e8,23.39,591.2,0,1169.87,0.06,Low Risk
SHP-00271,20251012,VEND-009,RT-673c738a9f,6.93,761.7,3,470.23,0.36,Medium Risk
SHP-00272,20251012,VEND-003,RT-a1ccd306c3,16.89,291.7,3,753.0,0.46,Medium Risk
SHP-00273,20251012,VEND-016,RT-fba346acb9,4.75,880.5,2,629.87,0.37,Medium Risk
SHP-00274,20251012,VEND-023,RT-cb24d21aa4,5.66,417.2,0,85.48,0.07,Low Risk
SHP-00275,20251012,VEND-025,RT-765a1f98e8,22.1,883.9,0,2801.26,0.05,Low Risk
SHP-00276,20251013,VEND-006,RT-38c7c35013,4.55,650.2,2,408.39,0.02,Low Risk
SHP-00277,20251013,VEND-006,RT-b8695a6952,1.45,538.1,0,77.96,0.4,Medium Risk
SHP-00278,20251013,VEND-001,RT-f6af902889,13.03,486.3,0,850.36,0.13,Low Risk
SHP-00279,20251013,VEND-004,RT-92f0924ea3,21.71,1265.3,0,3830.6,0.26,Medium Risk
SHP-00280,20251014,VEND-014,RT-1e0fd2d51e,8.82,481.9,0,150.58,0.26,Medium Risk
SHP-00281,20251014,VEND-014,RT-eee783d6d0,4.08,1541.1,0,854.49,0.09,Low Risk
SHP-00282,20251014,VEND-010,RT-daf69b2466,24.57,1167.0,0,1120.4,0.28,Medium Risk
SHP-00283,20251014,VEND-008,RT-e5b3697359,17.24,902.9,0,1930.58,0.05,Low Risk
SHP-00284,20251014,VEND-021,RT-e78c22349d,21.42,145.5,0,116.34,0.07,Low Risk
SHP-00285,20251014,VEND-012,RT-00b10c8d89,19.05,319.6,0,820.81,0.15,Low Risk
SHP-00286,20251014,VEND-021,RT-6d84f4d3ee,17.76,998.4,0,2290.08,0.05,Low Risk
SHP-00287,20251016,VEND-025,RT-298ebc312c,10.23,836.0,0,1108.24,0.05,Low Risk
SHP-00288,20251016,VEND-008,RT-298ebc312c,8.78,874.9,0,983.78,0.07,Low Risk
SHP-00289,20251016,VEND-006,RT-5529556968,18.21,898.8,0,2357.24,0.07,Low Risk
SHP-00290,20251016,VEND-024,RT-7b80259460,18.2,917.6,1,1301.81,0.07,Low Risk
SHP-00291,20251016,VEND-016,RT-7fec055bf1,23.81,238.5,2,214.66,0.41,Medium Risk
SHP-00292,20251017,VEND-008,RT-f648e285c8,14.65,1561.7,0,3085.39,0.14,Low Risk
SHP-00293,20251017,VEND-016,RT-7d6c136b9e,8.07,556.9,0,658.25,0.55,High Risk
SHP-00294,20251017,VEND-013,RT-082c5bcfb4,12.75,109.4,0,197.28,0.25,Medium Risk
SHP-00295,20251017,VEND-023,RT-4063e2d975,15.73,1024.5,0,2278.5,0.05,Low Risk
SHP-00296,20251017,VEND-007,RT-08bbcba784,11.24,522.6,0,515.53,0.47,Medium Risk
SHP-00297,20251017,VEND-025,RT-911a576e56,19.99,729.6,0,2021.52,0.05,Low Risk
SHP-00298,20251018,VEND-024,RT-b027b25d26,15.03,670.3,0,862.03,0.05,Low Risk
SHP-00299,20251018,VEND-005,RT-6f32138420,1.23,230.1,1,27.67,0.55,High Risk
SHP-00300,20251018,VEND-005,RT-200ca365b4,14.68,690.8,1,409.16,0.3,Medium Risk
SHP-00301,20251018,VEND-014,RT-3b5f662070,16.21,1064.0,0,2410.04,0.05,Low Risk
SHP-00302,20251018,VEND-002,RT-da8efc088a,22.97,790.0,0,628.29,0.2,Medium Risk
SHP-00303,20251018,VEND-008,RT-f1b2c6a5fd,10.93,639.8,0,1014.42,0.16,Low Risk
SHP-00304,20251018,VEND-011,RT-578e1a1a8a,14.79,108.2,0,134.12,0.05,Low Risk
SHP-00305,20251019,VEND-025,RT-e859343410,12.4,683.8,0,1060.93,0.05,Low Risk
SHP-00306,20251019,VEND-025,RT-64dd88e14d,13.76,465.3,1,894.19,0.47,Medium Risk
SHP-00307,20251019,VEND-004,RT-e58ff4c7fd,2.62,467.3,0,185.61,0.43,Medium Risk
SHP-00308,20251019,VEND-023,RT-eb8c396c2a,22.53,446.0,0,927.69,0.27,Medium Risk
SHP-00309,20251019,VEND-003,RT-09250346c3,22.85,615.9,0,2034.56,0.14,Low Risk
SHP-00310,20251020,VEND-019,RT-9ce5012396,14.15,1254.7,0,2483.26,0.05,Low Risk
SHP-00311,20251021,VEND-022,RT-2f6b817994,14.36,467.1,0,855.65,0.21,Medium Risk
SHP-00312,20251021,VEND-023,RT-57c659a6cf,2.38,446.1,0,153.09,0.23,Medium Risk
SHP-00313,20251021,VEND-006,RT-f45d4baebf,15.35,615.5,0,874.42,0.09,Low Risk
SHP-00314,20251021,VEND-023,RT-f23b7e67a8,11.3,1194.3,0,1163.45,0.23,Medium Risk
SHP-00315,20251021,VEND-003,RT-59aa696475,18.02,1249.0,0,1842.76,0.05,Low Risk
SHP-00316,20251021,VEND-013,RT-d72f56085a,2.13,220.2,0,42.0,0.41,Medium Risk
SHP-00317,20251021,VEND-012,RT-31a3615c8c,18.06,943.9,0,2243.49,0.05,Low Risk
SHP-00318,20251021,VEND-008,RT-a3dc471daa,7.89,1008.2,2,1177.52,0.07,Low Risk
SHP-00319,20251021,VEND-001,RT-927815eb9e,16.64,614.6,2,383.18,0.07,Low Risk
SHP-00320,20251022,VEND-020,RT-a9ac65e95d,16.05,230.2,0,134.82,0.19,Low Risk
SHP-00321,20251022,VEND-009,RT-94dd13939f,6.44,291.3,3,261.48,0.55,High Risk
SHP-00322,20251022,VEND-017,RT-c4d60f90d3,11.57,611.5,0,593.8,0.38,Medium Risk
SHP-00323,20251023,VEND-011,RT-4ddb59d9c9,21.06,425.2,2,1186.28,0.14,Low Risk
SHP-00324,20251023,VEND-010,RT-c51ec59778,15.53,1105.3,0,2330.11,0.09,Low Risk
SHP-00325,20251023,VEND-023,RT-f4ebd33744,2.65,536.8,0,191.1,0.29,Medium Risk
SHP-00326,20251023,VEND-003,RT-2694cfda51,11.63,680.3,0,644.97,0.05,Low Risk
SHP-00327,20251024,VEND-019,RT-d1251d39ee,8.48,1174.4,0,1416.16,0.1,Low Risk
SHP-00328,20251024,VEND-019,RT-93086330aa,16.4,1184.5,0,2497.32,0.05,Low Risk
SHP-00329,20251024,VEND-010,RT-3d9e2518f3,15.75,348.3,1,190.69,0.25,Medium Risk
SHP-00330,20251024,VEND-007,RT-ae2548f59b,1.25,432.5,0,45.98,0.17,Low Risk
SHP-00331,20251024,VEND-001,RT-495011deda,15.58,1420.5,0,2775.33,0.07,Low Risk
SHP-00332,20251024,VEND-024,RT-e8e57049c7,18.64,642.2,1,421.68,0.05,Low Risk
SHP-00333,20251024,VEND-024,RT-d381730c6f,19.45,122.8,0,360.88,0.27,Medium Risk
SHP-00334,20251025,VEND-007,RT-7b3e58cb85,2.42,327.7,0,63.77,0.07,Low Risk
SHP-00335,20251025,VEND-001,RT-8f3aa30891,8.29,1242.1,0,1401.24,0.13,Low Risk
SHP-00336,20251025,VEND-004,RT-6e8bae5933,11.11,865.2,0,1373.34,0.12,Low Risk
SHP-00337,20251025,VEND-002,RT-448d079a8d,5.31,920.9,0,172.71,0.11,Low Risk
SHP-00338,20251026,VEND-021,RT-2361a8614d,11.1,1020.2,0,1597.98,0.05,Low Risk
SHP-00339,20251027,VEND-023,RT-5a17f43549,2.71,335.3,0,37.14,0.22,Medium Risk
SHP-00340,20251027,VEND-004,RT-b31793d571,3.72,446.4,0,154.53,0.37,Medium Risk
SHP-00341,20251027,VEND-019,RT-d832b0ea88,17.05,1012.7,0,2283.42,0.05,Low Risk
SHP-00342,20251027,VEND-005,RT-e430dae6dc,7.3,137.0,2,143.82,0.55,High Risk
SHP-00343,20251027,VEND-010,RT-5b5b6cb052,18.07,890.9,0,2288.42,0.06,Low Risk
SHP-00344,20251027,VEND-015,RT-4063ffcc66,2.15,868.8,0,264.5,0.18,Low Risk
SHP-00345,20251027,VEND-018,RT-09895f6f22,14.5,752.8,0,382.4,0.2,Medium Risk
SHP-00346,20251028,VEND-022,RT-7dd3cb1a7f,10.39,105.0,0,91.87,0.05,Low Risk
SHP-00347,20251028,VEND-002,RT-d1d7faed2e,20.13,1429.7,0,3961.42,0.4,Medium Risk
SHP-00348,20251028,VEND-005,RT-3cf427cc54,19.81,909.8,0,618.38,0.21,Medium Risk
SHP-00349,20251028,VEND-008,RT-0c2281eb9c,10.01,624.7,0,905.42,0.07,Low Risk
SHP-00350,20251029,VEND-008,RT-1d0160c785,15.95,335.0,0,460.05,0.06,Low Risk
SHP-00351,20251029,VEND-025,RT-48c7e0ec73,6.46,1056.7,0,1017.36,0.09,Low Risk
SHP-00352,20251030,VEND-020,RT-5d4ad86c92,14.93,292.1,0,618.46,0.3,Medium Risk
SHP-00353,20251030,VEND-009,RT-b48460620d,2.95,641.2,0,157.69,0.2,Medium Risk
SHP-00354,20251030,VEND-025,RT-90a593ca88,11.43,907.1,0,1400.23,0.05,Low Risk
SHP-00355,20251030,VEND-013,RT-ee2d1d9d91,5.39,433.1,0,312.08,0.07,Low Risk
SHP-00356,20251031,VEND-013,RT-e430dae6dc,22.2,133.6,0,426.98,0.07,Low Risk
SHP-00357,20251031,VEND-011,RT-7fec055bf1,11.68,229.7,0,107.37,0.35,Medium Risk
SHP-00358,20251031,VEND-004,RT-288aea4ba9,15.18,644.5,0,391.48,0.2,Medium Risk
SHP-00359,20251101,VEND-024,RT-78c1235c6b,9.65,998.9,0,875.07,0.05,Low Risk
SHP-00360,20251101,VEND-001,RT-b21569e990,7.93,927.9,0,964.42,0.05,Low Risk
SHP-00361,20251101,VEND-005,RT-26af5ffb2c,5.87,438.1,0,201.65,0.24,Medium Risk
SHP-00362,20251101,VEND-006,RT-ef2d5d6a9c,22.88,880.2,0,2496.52,0.03,Low Risk
SHP-00363,20251101,VEND-007,RT-32796f3c4b,20.19,1364.5,0,2645.39,0.26,Medium Risk
SHP-00364,20251101,VEND-004,RT-1a46953f07,4.2,230.0,0,136.21,0.13,Low Risk
SHP-00365,20251101,VEND-001,RT-41e5434825,18.92,234.1,0,373.76,0.09,Low Risk
SHP-00366,20251102,VEND-017,RT-fb23ffdb08,11.04,492.4,0,435.43,0.41,Medium Risk
SHP-00367,20251102,VEND-025,RT-6018e86fbd,1.37,479.4,2,60.41,0.43,Medium Risk
SHP-00368,20251102,VEND-004,RT-e2d512a375,13.68,721.5,0,829.93,0.05,Low Risk
SHP-00369,20251102,VEND-008,RT-93186a5ffe,4.12,981.2,0,584.94,0.05,Low Risk
SHP-00370,20251102,VEND-013,RT-48c011b052,6.04,651.2,0,321.27,0.05,Low Risk
SHP-00371,20251102,VEND-024,RT-5a2279e555,17.7,791.1,0,2051.2,0.07,Low Risk
SHP-00372,20251102,VEND-018,RT-d3aff645cd,7.17,617.6,2,639.64,0.55,High Risk
SHP-00373,20251102,VEND-020,RT-c38b6e328d,22.41,1396.2,0,2855.57,0.26,Medium Risk
SHP-00374,20251102,VEND-015,RT-af9ef053a6,16.77,447.6,2,1168.87,0.59,High Risk
SHP-00375,20251102,VEND-011,RT-6ea008aee5,20.97,1528.8,3,4147.78,0.08,Low Risk
SHP-00376,20251102,VEND-005,RT-143309d19e,15.76,1106.8,0,1637.38,0.55,High Risk
SHP-00377,20251103,VEND-022,RT-a751dc76fc,21.85,522.8,0,1547.91,0.22,Medium Risk
SHP-00378,20251103,VEND-021,RT-24fbeba960,9.68,303.6,0,448.1,0.59,High Risk
SHP-00379,20251103,VEND-001,RT-ee1ccbb2ce,14.18,754.2,0,1494.67,0.06,Low Risk
SHP-00380,20251103,VEND-018,RT-4c787b2745,13.38,1282.7,3,2350.54,0.59,High Risk
SHP-00381,20251103,VEND-003,RT-0b46226bdb,22.69,1069.6,0,892.09,0.07,Low Risk
SHP-00382,20251103,VEND-019,RT-f929b0af6c,4.96,930.8,1,649.75,0.07,Low Risk
SHP-00383,20251103,VEND-021,RT-48836ae32b,14.87,668.2,0,386.69,0.14,Low Risk
SHP-00384,20251104,VEND-004,RT-66aa413a4d,19.11,1447.6,0,3722.69,0.07,Low Risk
SHP-00385,20251104,VEND-011,RT-da899f0248,9.88,1103.4,0,411.81,0.07,Low Risk
SHP-00386,20251104,VEND-004,RT-2a8fcef238,21.82,343.9,3,1072.76,0.21,Medium Risk
SHP-00387,20251104,VEND-015,RT-621ac10396,9.95,524.0,1,457.31,0.45,Medium Risk
SHP-00388,20251104,VEND-024,RT-c19b0edc3f,5.16,938.9,0,696.81,0.07,Low Risk
SHP-00389,20251104,VEND-003,RT-b601de6684,15.02,1347.9,0,2623.26,0.07,Low Risk
SHP-00390,20251104,VEND-010,RT-0570b07670,11.09,927.6,0,376.1,0.13,Low Risk
SHP-00391,20251104,VEND-025,RT-865f9275c2,1.36,231.1,0,30.31,0.19,Low Risk
SHP-00392,20251104,VEND-008,RT-ec7d659287,2.68,530.5,0,55.97,0.35,Medium Risk
SHP-00393,20251105,VEND-004,RT-b4df01e127,5.69,1251.3,0,982.62,0.06,Low Risk
SHP-00394,20251105,VEND-013,RT-b6ee3a284b,19.46,717.3,0,1705.56,0.05,Low Risk
SHP-00395,20251105,VEND-013,RT-a6f68a12d3,22.41,165.5,0,325.97,0.05,Low Risk
SHP-00396,20251105,VEND-017,RT-9276e499ce,14.1,858.7,0,1750.83,0.12,Low Risk
SHP-00397,20251106,VEND-008,RT-8f1b04e40c,3.53,1428.0,0,715.35,0.07,Low Risk
SHP-00398,20251106,VEND-024,RT-b4a7d63a62,13.83,580.7,0,638.03,0.05,Low Risk
SHP-00399,20251106,VEND-014,RT-25968a78de,21.53,1586.6,0,4764.98,0.07,Low Risk
SHP-00400,20251106,VEND-008,RT-09684721d6,18.99,1189.5,0,3050.37,0.05,Low Risk
SHP-00401,20251106,VEND-025,RT-1fc3113bd7,7.99,398.8,0,463.33,0.59,High Risk
SHP-00402,20251106,VEND-024,RT-e44c9e2395,3.97,647.9,0,204.7,0.05,Low Risk
SHP-00403,20251106,VEND-013,RT-a3674bf7f2,22.62,714.4,0,2339.18,0.05,Low Risk
SHP-00404,20251107,VEND-001,RT-ce79123171,21.5,471.0,0,363.51,0.29,Medium Risk
SHP-00405,20251107,VEND-015,RT-da7930aa34,2.29,577.9,0,206.69,0.3,Medium Risk
SHP-00406,20251107,VEND-014,RT-14155fe15d,20.77,1029.8,0,2867.87,0.05,Low Risk
SHP-00407,20251107,VEND-004,RT-714f62ddad,3.33,155.3,0,86.8,0.59,High Risk
SHP-00408,20251107,VEND-016,RT-f6635ac2b4,2.52,211.0,0,22.15,0.3,Medium Risk
SHP-00409,20251107,VEND-022,RT-8ea2b189cc,19.21,930.6,3,2426.49,0.06,Low Risk
SHP-00410,20251108,VEND-003,RT-b0306f7232,13.87,289.7,0,326.99,0.07,Low Risk
SHP-00411,20251108,VEND-019,RT-165deb2992,10.95,329.3,0,493.05,0.07,Low Risk
SHP-00412,20251108,VEND-004,RT-919f1cef03,22.69,1527.3,3,4952.21,0.17,Low Risk
SHP-00413,20251109,VEND-019,RT-884b96d597,21.14,526.4,0,1454.93,0.05,Low Risk
SHP-00414,20251109,VEND-011,RT-3f6927c802,2.38,911.5,3,189.08,0.07,Low Risk
SHP-00415,20251109,VEND-001,RT-168cf450e7,15.79,725.1,0,446.54,0.07,Low Risk
SHP-00416,20251109,VEND-025,RT-b86365d1b4,19.53,701.6,0,1782.64,0.05,Low Risk
SHP-00417,20251110,VEND-005,RT-55c1703999,14.21,845.0,0,429.39,0.41,Medium Risk
SHP-00418,20251110,VEND-015,RT-f471c1e46a,24.59,527.6,0,1727.29,0.34,Medium Risk
SHP-00419,20251110,VEND-005,RT-e6c77dd7a0,17.47,949.9,2,639.79,0.44,Medium Risk
SHP-00420,20251110,VEND-024,RT-72a5e9d97d,3.5,1065.8,0,520.19,0.06,Low Risk
SHP-00421,20251111,VEND-019,RT-182deaa221,5.76,325.7,0,167.36,0.05,Low Risk
SHP-00422,20251111,VEND-021,RT-5b84fa1217,20.83,860.8,0,2496.38,0.05,Low Risk
SHP-00423,20251111,VEND-011,RT-b79d63624f,24.92,316.4,0,286.55,0.29,Medium Risk
SHP-00424,20251111,VEND-012,RT-1287cf3233,3.36,939.0,0,446.55,0.07,Low Risk
SHP-00425,20251112,VEND-016,RT-7bccf9bf80,3.41,1245.8,2,167.09,0.21,Medium Risk
SHP-00426,20251112,VEND-020,RT-5586357c58,19.32,559.3,0,426.33,0.13,Low Risk
SHP-00427,20251112,VEND-022,RT-1077708bdb,2.54,275.2,2,67.3,0.35,Medium Risk
SHP-00428,20251112,VEND-001,RT-27abb533a0,2.65,662.5,0,65.34,0.07,Low Risk
SHP-00429,20251113,VEND-017,RT-162f069f86,22.33,154.9,0,486.65,0.19,Low Risk
SHP-00430,20251113,VEND-003,RT-c51ec59778,20.21,1094.1,0,2887.04,0.05,Low Risk
SHP-00431,20251113,VEND-008,RT-30b0b6cecc,22.16,1103.3,0,3588.42,0.05,Low Risk
SHP-00432,20251113,VEND-021,RT-6d7892549a,16.61,331.7,0,781.5,0.42,Medium Risk
SHP-00433,20251114,VEND-007,RT-1380c84732,8.74,324.2,0,250.58,0.14,Low Risk
SHP-00434,20251114,VEND-020,RT-30241fcb24,22.75,613.6,0,488.36,0.17,Low Risk
SHP-00435,20251114,VEND-012,RT-fc92b96916,8.17,200.2,0,154.49,0.28,Medium Risk
SHP-00436,20251114,VEND-006,RT-4c9c770335,7.61,681.9,0,182.58,0.05,Low Risk
SHP-00437,20251114,VEND-009,RT-0c07546974,22.27,1009.1,0,861.53,0.24,Medium Risk
SHP-00438,20251114,VEND-014,RT-7cb763ac9f,17.34,421.6,0,887.18,0.05,Low Risk
SHP-00439,20251115,VEND-020,RT-8ef60ed1ab,22.5,1112.8,2,3444.78,0.05,Low Risk
SHP-00440,20251115,VEND-016,RT-ae2cae25af,4.74,490.0,1,216.19,0.46,Medium Risk
SHP-00441,20251115,VEND-024,RT-bee03b2a93,23.86,279.8,0,523.5,0.05,Low Risk
SHP-00442,20251115,VEND-022,RT-b20f1b84cb,15.71,1048.8,0,2460.36,0.22,Medium Risk
SHP-00443,20251116,VEND-019,RT-4057ed38bd,17.03,628.4,2,874.63,0.05,Low Risk
SHP-00444,20251116,VEND-016,RT-e9859c6556,22.94,447.7,0,821.73,0.26,Medium Risk
SHP-00445,20251116,VEND-008,RT-00eb69bc12,10.14,1600.7,0,2442.06,0.14,Low Risk
SHP-00446,20251117,VEND-011,RT-f3c4bb246e,18.27,552.9,0,365.3,0.16,Low Risk
SHP-00447,20251117,VEND-003,RT-d96e12aa95,16.37,1024.0,0,586.16,0.29,Medium Risk
SHP-00448,20251117,VEND-010,RT-4875286f56,19.91,844.2,0,2148.97,0.05,Low Risk
SHP-00449,20251117,VEND-024,RT-fc8955a1b5,22.53,1194.3,0,3697.04,0.05,Low Risk
SHP-00450,20251118,VEND-011,RT-40725a087a,17.32,455.7,1,1028.62,0.24,Medium Risk
SHP-00451,20251118,VEND-003,RT-6aceb6cbd3,2.62,744.6,0,188.44,0.07,Low Risk
SHP-00452,20251119,VEND-017,RT-5bc709dbc8,5.4,1610.7,1,1136.0,0.3,Medium Risk
SHP-00453,20251119,VEND-025,RT-5b8e3be951,23.9,217.8,0,201.67,0.14,Low Risk
SHP-00454,20251119,VEND-022,RT-2ad3e6cc27,24.25,996.4,0,3108.3,0.07,Low Risk
SHP-00455,20251119,VEND-007,RT-eeca7b929a,24.22,1284.1,0,4513.24,0.29,Medium Risk
SHP-00456,20251119,VEND-012,RT-24da1972f6,1.88,685.3,0,54.41,0.07,Low Risk
SHP-00457,20251119,VEND-014,RT-e0dcd05d88,10.18,421.5,0,664.05,0.44,Medium Risk
SHP-00458,20251120,VEND-007,RT-7005c62361,19.23,957.1,0,2826.99,0.07,Low Risk
SHP-00459,20251120,VEND-007,RT-98b28d90bc,19.07,957.2,1,2432.41,0.05,Low Risk
SHP-00460,20251120,VEND-006,RT-e66cc20ca5,3.06,1396.7,0,586.06,0.05,Low Risk
SHP-00461,20251120,VEND-025,RT-b6ee3a284b,15.63,717.4,0,1356.66,0.05,Low Risk
SHP-00462,20251120,VEND-019,RT-33ee3b1c8e,4.43,1188.2,0,779.75,0.09,Low Risk
SHP-00463,20251120,VEND-022,RT-eaa2110f44,12.84,1550.2,3,2871.42,0.27,Medium Risk
SHP-00464,20251120,VEND-021,RT-ed5f0cdf63,6.75,671.6,0,176.19,0.07,Low Risk
SHP-00465,20251120,VEND-024,RT-401113b561,2.28,826.8,0,277.65,0.15,Low Risk
SHP-00466,20251120,VEND-003,RT-e7113be5ff,2.92,581.4,0,174.57,0.32,Medium Risk
SHP-00467,20251121,VEND-023,RT-75eda63a55,22.86,1594.5,1,5161.04,0.47,Medium Risk
SHP-00468,20251121,VEND-002,RT-0d98303018,18.87,832.5,0,1270.67,0.05,Low Risk
SHP-00469,20251121,VEND-012,RT-fd72c692ec,23.36,709.7,0,573.58,0.15,Low Risk
SHP-00470,20251121,VEND-015,RT-9975c42434,12.28,754.1,1,1206.17,0.07,Low Risk
SHP-00471,20251121,VEND-009,RT-98cabc7d81,10.92,917.3,1,853.21,0.59,High Risk
SHP-00472,20251122,VEND-004,RT-342526fb47,9.6,1216.0,1,1013.36,0.16,Low Risk
SHP-00473,20251122,VEND-005,RT-2c4e447f91,15.79,567.9,1,321.12,0.25,Medium Risk
SHP-00474,20251122,VEND-021,RT-20ca401bb0,9.44,1158.8,2,1600.14,0.25,Medium Risk
SHP-00475,20251122,VEND-008,RT-60ae8fe715,18.91,789.8,0,1946.17,0.05,Low Risk
SHP-00476,20251122,VEND-008,RT-8ea2b189cc,20.23,965.9,0,2551.26,0.05,Low Risk
SHP-00477,20251122,VEND-024,RT-3d84993111,22.02,411.1,0,354.12,0.09,Low Risk
SHP-00478,20251122,VEND-004,RT-6782d75576,6.83,422.8,0,106.99,0.29,Medium Risk
SHP-00479,20251122,VEND-023,RT-d2ec91bee4,13.65,622.9,0,1153.23,0.07,Low Risk
SHP-00480,20251122,VEND-024,RT-025e68d81d,6.36,1510.7,0,1253.1,0.16,Low Risk
SHP-00481,20251123,VEND-015,RT-c4193fad1d,1.9,1106.2,0,279.06,0.23,Medium Risk
SHP-00482,20251123,VEND-005,RT-7254e70880,17.99,421.4,3,1175.0,0.61,High Risk
SHP-00483,20251124,VEND-004,RT-15926d52e4,14.18,118.4,0,246.04,0.55,High Risk
SHP-00484,20251124,VEND-008,RT-91bc5d65f0,18.37,45.3,0,76.98,0.16,Low Risk
SHP-00485,20251124,VEND-015,RT-1466384e78,3.1,327.6,0,148.98,0.43,Medium Risk
SHP-00486,20251124,VEND-004,RT-388db6a97e,24.89,229.3,0,789.9,0.22,Medium Risk
SHP-00487,20251124,VEND-012,RT-dbfd0d14af,24.86,567.5,3,2206.52,0.28,Medium Risk
SHP-00488,20251124,VEND-003,RT-d1d4109bb2,12.16,414.9,0,421.23,0.07,Low Risk
SHP-00489,20251125,VEND-014,RT-0594fb5ec7,21.79,1379.1,0,4649.68,0.3,Medium Risk
SHP-00490,20251125,VEND-001,RT-a11e859dbd,6.85,674.5,0,164.84,0.26,Medium Risk
SHP-00491,20251125,VEND-018,RT-7f5f669897,18.7,337.4,1,531.29,0.29,Medium Risk
SHP-00492,20251125,VEND-002,RT-83d40a741f,22.1,655.0,2,1351.51,0.11,Low Risk
SHP-00493,20251125,VEND-005,RT-8b648d0310,20.55,1093.9,2,884.94,0.23,Medium Risk
SHP-00494,20251125,VEND-005,RT-5d3aa69421,20.48,640.3,0,491.81,0.2,Medium Risk
SHP-00495,20251125,VEND-021,RT-d5a4f15f39,12.11,655.3,0,1050.91,0.05,Low Risk
SHP-00496,20251126,VEND-002,RT-96024a82c2,20.68,853.3,0,2317.69,0.06,Low Risk
SHP-00497,20251126,VEND-011,RT-fd7cf4ed42,17.58,601.8,3,1675.19,0.5,High Risk
SHP-00498,20251126,VEND-015,RT-ea1a3bcb3d,4.18,823.3,1,319.47,0.05,Low Risk
SHP-00499,20251126,VEND-013,RT-d1251d39ee,3.74,1150.7,0,592.72,0.17,Low Risk
SHP-00500,20251126,VEND-018,RT-65d550230c,19.53,378.3,0,959.01,0.3,Medium Risk
SHP-00501,20251126,VEND-021,RT-9af1d4c580,16.01,1053.4,1,2281.54,0.07,Low Risk
SHP-00502,20251126,VEND-010,RT-f5eedadaa2,13.47,904.4,0,425.94,0.05,Low Risk
SHP-00503,20251127,VEND-021,RT-5c9b8c3719,22.77,853.0,2,673.04,0.06,Low Risk
SHP-00504,20251127,VEND-008,RT-1a48a65caa,16.83,1401.4,0,3568.13,0.17,Low Risk
SHP-00505,20251128,VEND-025,RT-1161fefa33,10.51,1007.9,0,1465.14,0.16,Low Risk
SHP-00506,20251129,VEND-013,RT-07086fbdab,10.93,778.3,0,1188.39,0.24,Medium Risk
SHP-00507,20251129,VEND-019,RT-e4a8e0a9cd,15.53,406.5,0,239.19,0.16,Low Risk
SHP-00508,20251129,VEND-022,RT-946c0ba65f,19.25,660.5,0,1788.82,0.24,Medium Risk
SHP-00509,20251129,VEND-020,RT-6d51591ec6,14.54,1512.0,0,2950.69,0.3,Medium Risk
SHP-00510,20251129,VEND-022,RT-0c07546974,13.21,1007.0,0,525.48,0.42,Medium Risk
SHP-00511,20251129,VEND-014,RT-d3f3c31ab3,18.45,426.8,0,1153.34,0.18,Low Risk
SHP-00512,20251129,VEND-002,RT-0827f340b7,17.93,558.9,0,855.84,0.16,Low Risk
SHP-00513,20251129,VEND-013,RT-c5b0b85bd5,20.93,846.4,0,2287.59,0.01,Low Risk
SHP-00514,20251130,VEND-005,RT-52a1232d6a,2.5,364.8,1,75.37,0.38,Medium Risk
SHP-00515,20251130,VEND-023,RT-5774d6794f,19.12,919.7,0,2202.99,0.05,Low Risk
SHP-00516,20251130,VEND-006,RT-b9a7875ac2,13.33,1129.8,0,2047.76,0.02,Low Risk
SHP-00517,20251201,VEND-006,RT-7dd0bc488c,2.79,940.2,0,237.69,0.18,Low Risk
SHP-00518,20251201,VEND-007,RT-cc395e014e,17.3,292.9,0,733.42,0.18,Low Risk
SHP-00519,20251201,VEND-017,RT-fcca733d04,18.2,298.6,0,486.74,0.36,Medium Risk
SHP-00520,20251201,VEND-015,RT-cb7d314376,13.57,794.7,0,1493.56,0.38,Medium Risk
SHP-00521,20251201,VEND-024,RT-d061b9118c,20.05,636.7,0,1968.13,0.17,Low Risk
SHP-00522,20251201,VEND-011,RT-933c651260,8.21,468.6,0,531.84,0.46,Medium Risk
SHP-00523,20251201,VEND-008,RT-beb7bf8fb1,5.85,568.3,0,131.07,0.14,Low Risk
SHP-00524,20251201,VEND-002,RT-45138195c0,9.42,424.7,4,371.29,0.74,High Risk
SHP-00525,20251202,VEND-001,RT-0568858818,10.84,486.1,1,686.72,0.13,Low Risk
SHP-00526,20251202,VEND-010,RT-b6a6ea0bab,17.7,1092.9,0,2821.64,0.17,Low Risk
SHP-00527,20251202,VEND-024,RT-3b82329c76,21.29,311.8,0,978.61,0.17,Low Risk
SHP-00528,20251202,VEND-014,RT-0a2e48d011,18.3,557.0,0,1429.79,0.16,Low Risk
SHP-00529,20251202,VEND-023,RT-0d7f1fc98e,5.18,612.7,0,464.09,0.18,Low Risk
SHP-00530,20251202,VEND-003,RT-98dbbee927,9.79,398.0,0,343.67,0.16,Low Risk
SHP-00531,20251202,VEND-003,RT-12d4b87d6d,4.8,1439.4,0,900.65,0.14,Low Risk
SHP-00532,20251202,VEND-021,RT-a139529f07,17.48,214.3,0,495.81,0.02,Low Risk
SHP-00533,20251202,VEND-003,RT-412aa91e53,6.96,443.6,0,267.17,0.16,Low Risk
SHP-00534,20251202,VEND-002,RT-d518177a97,13.61,1395.9,0,2650.83,0.23,Medium Risk
SHP-00535,20251203,VEND-011,RT-360d7ce5de,20.0,462.0,2,1449.09,0.74,High Risk
SHP-00536,20251203,VEND-024,RT-9d0f1d4ad3,17.1,622.7,0,405.61,0.18,Low Risk
SHP-00537,20251203,VEND-018,RT-25435b3bad,8.16,561.3,3,684.85,0.74,High Risk
SHP-00538,20251203,VEND-003,RT-a9193d7521,8.99,341.7,0,268.35,0.02,Low Risk
SHP-00539,20251204,VEND-021,RT-7aaca32ee6,16.68,626.6,1,1416.38,0.16,Low Risk
SHP-00540,20251204,VEND-022,RT-57c2473ff7,14.19,622.3,0,311.24,0.17,Low Risk
SHP-00541,20251204,VEND-021,RT-3bffb33e16,3.31,602.2,0,204.05,0.25,Medium Risk
SHP-00542,20251204,VEND-023,RT-508e1347b2,21.98,463.8,0,381.59,0.13,Low Risk
SHP-00543,20251204,VEND-006,RT-5624e28b40,13.3,684.8,0,895.53,0.18,Low Risk
SHP-00544,20251204,VEND-025,RT-dbe3b8d2ee,12.36,151.4,0,266.99,0.14,Low Risk
SHP-00545,20251204,VEND-009,RT-6afeb73618,5.76,890.5,1,458.1,0.7,High Risk
SHP-00546,20251205,VEND-021,RT-b55a54987b,10.05,626.6,2,603.73,0.33,Medium Risk
SHP-00547,20251205,VEND-015,RT-7845afc09a,8.99,316.0,0,257.19,0.32,Medium Risk
SHP-00548,20251205,VEND-020,RT-86e287228b,7.5,509.2,0,147.66,0.3,Medium Risk
SHP-00549,20251205,VEND-016,RT-be5e0b48ad,14.62,823.2,4,1117.88,0.72,High Risk
SHP-00550,20251205,VEND-017,RT-2650fdde08,12.09,703.7,0,1228.79,0.33,Medium Risk
SHP-00551,20251205,VEND-016,RT-8d901cb045,22.34,351.0,2,295.32,0.45,Medium Risk
SHP-00552,20251205,VEND-020,RT-ca2a71d64a,23.59,448.4,0,420.71,0.18,Low Risk
SHP-00553,20251205,VEND-019,RT-e87faaf704,6.27,1622.8,0,1442.34,0.17,Low Risk
SHP-00554,20251205,VEND-004,RT-f6f10fbb94,3.4,751.1,0,236.67,0.2,Medium Risk
SHP-00555,20251206,VEND-021,RT-cb688f6a9d,19.85,447.5,0,1252.21,0.18,Low Risk
SHP-00556,20251206,VEND-014,RT-c93ef9370b,24.88,422.9,0,1398.47,0.02,Low Risk
SHP-00557,20251206,VEND-009,RT-fac4e54416,21.73,868.9,0,2662.3,0.47,Medium Risk
SHP-00558,20251206,VEND-013,RT-f242da0ba0,1.57,1148.4,0,162.27,0.55,High Risk
SHP-00559,20251206,VEND-025,RT-f024eb5155,7.03,747.8,0,454.61,0.42,Medium Risk
SHP-00560,20251206,VEND-022,RT-88798c3716,2.04,371.1,0,70.03,0.72,High Risk
SHP-00561,20251206,VEND-021,RT-10c7308a3d,20.7,500.6,0,374.36,0.13,Low Risk
SHP-00562,20251207,VEND-012,RT-e4a8e0a9cd,14.95,416.0,0,235.45,0.18,Low Risk
SHP-00563,20251207,VEND-020,RT-05bee5a9a2,13.33,566.9,0,1055.88,0.05,Low Risk
SHP-00564,20251207,VEND-010,RT-7a1aaaf9d2,14.31,695.4,0,373.48,0.19,Low Risk
SHP-00565,20251207,VEND-018,RT-f5f08d5dae,7.06,866.1,4,539.32,0.74,High Risk
SHP-00566,20251208,VEND-016,RT-f5d85f32e6,15.44,214.0,1,138.01,0.54,High Risk
SHP-00567,20251208,VEND-007,RT-517cfe98df,1.74,299.4,0,52.79,0.19,Low Risk
SHP-00568,20251208,VEND-007,RT-53f633a16a,16.5,1074.8,0,1507.68,0.16,Low Risk
SHP-00569,20251208,VEND-002,RT-6978ba7e01,18.63,1457.3,0,3652.17,0.23,Medium Risk
SHP-00570,20251208,VEND-004,RT-4fca653631,17.15,1252.5,1,2992.84,0.18,Low Risk
SHP-00571,20251208,VEND-011,RT-2a1bb7a0c6,8.97,468.7,0,147.77,0.38,Medium Risk
SHP-00572,20251208,VEND-012,RT-275fd61e77,20.83,1304.6,4,4055.12,0.25,Medium Risk
SHP-00573,20251208,VEND-005,RT-5004612bb8,18.17,602.6,2,1516.05,0.45,Medium Risk
SHP-00574,20251208,VEND-011,RT-eb1993d2d1,4.08,324.4,0,183.26,0.38,Medium Risk
SHP-00575,20251208,VEND-016,RT-b766428347,5.68,645.6,4,548.18,0.74,High Risk
SHP-00576,20251209,VEND-006,RT-fd7beafa2a,16.29,427.4,0,992.8,0.14,Low Risk
SHP-00577,20251209,VEND-009,RT-7eade68dc2,7.95,241.0,0,266.85,0.38,Medium Risk
SHP-00578,20251209,VEND-010,RT-07fd90bd84,3.87,1002.7,1,142.03,0.19,Low Risk
SHP-00579,20251209,VEND-013,RT-f54bf3d695,4.72,233.1,0,97.31,0.16,Low Risk
SHP-00580,20251210,VEND-010,RT-05507714ec,4.97,890.5,1,163.05,0.09,Low Risk
SHP-00581,20251210,VEND-019,RT-c258759ad3,12.47,1092.7,0,566.43,0.19,Low Risk
SHP-00582,20251210,VEND-009,RT-1bdb2db4c4,15.58,286.8,0,162.9,0.34,Medium Risk
SHP-00583,20251210,VEND-011,RT-742d5c8d02,5.23,621.5,0,436.3,0.16,Low Risk
SHP-00584,20251210,VEND-010,RT-0e7b28eabc,18.1,654.1,0,965.56,0.14,Low Risk
SHP-00585,20251210,VEND-005,RT-59ee8d4d07,7.74,518.5,3,345.57,0.55,High Risk
SHP-00586,20251210,VEND-018,RT-3134a7ae3f,8.48,1029.4,2,1303.02,0.74,High Risk
SHP-00587,20251211,VEND-006,RT-759b644c2d,6.36,1042.0,0,576.07,0.06,Low Risk
SHP-00588,20251211,VEND-008,RT-57790cf118,19.84,301.7,0,817.45,0.01,Low Risk
SHP-00589,20251211,VEND-020,RT-eb765eec74,24.04,893.8,0,861.08,0.17,Low Risk
SHP-00590,20251211,VEND-024,RT-cb4717c021,12.82,671.0,0,1240.09,0.15,Low Risk
SHP-00591,20251211,VEND-017,RT-27d4ba3c00,2.01,1069.8,1,80.27,0.29,Medium Risk
SHP-00592,20251211,VEND-023,RT-1f45fbd6cf,7.25,451.7,0,426.62,0.14,Low Risk
SHP-00593,20251211,VEND-022,RT-2208cd9e51,4.79,947.7,1,395.75,0.51,High Risk
SHP-00594,20251211,VEND-013,RT-f5030c2240,21.23,933.1,0,2647.35,0.17,Low Risk
SHP-00595,20251211,VEND-020,RT-15375bfdaf,3.04,753.4,0,313.89,0.25,Medium Risk
SHP-00596,20251212,VEND-009,RT-7405317c38,24.2,224.2,2,796.5,0.19,Low Risk
SHP-00597,20251212,VEND-012,RT-fc94a16c3a,15.12,1053.8,0,639.35,0.16,Low Risk
SHP-00598,20251212,VEND-014,RT-fe53541e63,13.43,652.1,0,1167.81,0.04,Low Risk
SHP-00599,20251212,VEND-025,RT-af76a46827,21.34,1242.0,0,3679.87,0.05,Low Risk
SHP-00600,20251212,VEND-022,RT-23c9fdb9ca,1.66,588.9,3,36.61,0.24,Medium Risk
SHP-00601,20251212,VEND-013,RT-7a2d940053,19.65,606.4,0,470.86,0.17,Low Risk
SHP-00602,20251212,VEND-017,RT-2abd7b5435,3.8,217.0,0,117.98,0.16,Low Risk
SHP-00603,20251212,VEND-006,RT-1c70c9d088,21.18,543.9,0,998.48,0.13,Low Risk
SHP-00604,20251212,VEND-021,RT-ff84c0017c,13.7,816.7,2,1585.02,0.19,Low Risk
SHP-00605,20251213,VEND-014,RT-592c48b70e,2.47,946.1,0,374.61,0.18,Low Risk
SHP-00606,20251213,VEND-014,RT-1856ad45b0,21.0,824.3,0,2485.28,0.17,Low Risk
SHP-00607,20251213,VEND-020,RT-a890e7ab37,1.66,305.6,0,81.43,0.19,Low Risk
SHP-00608,20251213,VEND-016,RT-57822d8765,4.32,1091.6,3,697.03,0.7,High Risk
SHP-00609,20251213,VEND-002,RT-c3fa8809e7,20.15,475.8,0,1382.65,0.45,Medium Risk
SHP-00610,20251213,VEND-008,RT-20f15862e3,12.16,906.5,0,856.65,0.16,Low Risk
SHP-00611,20251214,VEND-005,RT-7ed9bf4ad0,22.15,461.8,1,1401.48,0.4,Medium Risk
SHP-00612,20251214,VEND-019,RT-aff7316e7f,16.25,880.9,3,2267.75,0.18,Low Risk
SHP-00613,20251214,VEND-001,RT-03279728fb,15.96,523.7,0,301.89,0.16,Low Risk
SHP-00614,20251215,VEND-006,RT-7405317c38,8.01,239.8,0,281.96,0.18,Low Risk
SHP-00615,20251215,VEND-015,RT-18f050df64,4.21,444.5,0,251.54,0.17,Low Risk
SHP-00616,20251215,VEND-018,RT-d98a3dfe98,24.07,753.3,0,2538.17,0.29,Medium Risk
SHP-00617,20251216,VEND-013,RT-b45c4f1f2b,3.52,225.6,0,118.59,0.16,Low Risk
SHP-00618,20251216,VEND-022,RT-ed29f1415b,13.7,472.0,1,824.91,0.22,Medium Risk
SHP-00619,20251216,VEND-023,RT-e835c7b2ab,7.54,693.9,0,466.62,0.18,Low Risk
SHP-00620,20251216,VEND-004,RT-755850020b,7.34,751.3,0,216.08,0.18,Low Risk
SHP-00621,20251216,VEND-024,RT-1fbd449262,15.27,604.8,0,854.18,0.24,Medium Risk
SHP-00622,20251216,VEND-016,RT-fb48d04196,20.15,923.7,0,2591.4,0.44,Medium Risk
SHP-00623,20251216,VEND-016,RT-eb062fd30c,19.65,625.3,0,497.61,0.3,Medium Risk
SHP-00624,20251217,VEND-003,RT-3a8e91b74b,21.85,339.3,0,1065.91,0.13,Low Risk
SHP-00625,20251217,VEND-016,RT-b43e9486fe,8.03,298.5,0,340.53,0.7,High Risk
SHP-00626,20251217,VEND-019,RT-18b4340c58,12.18,843.0,0,364.31,0.11,Low Risk
SHP-00627,20251217,VEND-015,RT-bfac99bf00,1.22,608.0,2,115.25,0.38,Medium Risk
SHP-00628,20251217,VEND-003,RT-2eb8287aad,18.92,1239.3,0,3446.23,0.16,Low Risk
SHP-00629,20251218,VEND-014,RT-b8ff020940,8.26,468.7,0,128.03,0.13,Low Risk
SHP-00630,20251218,VEND-024,RT-4d42b2f12e,14.48,702.8,0,387.69,0.16,Low Risk
SHP-00631,20251218,VEND-019,RT-0f85d07e95,5.06,633.3,0,465.8,0.17,Low Risk
SHP-00632,20251218,VEND-004,RT-742d5c8d02,20.67,620.9,0,1651.29,0.01,Low Risk
SHP-00633,20251219,VEND-024,RT-f7b65ab8b3,20.61,1251.8,0,3676.46,0.15,Low Risk
SHP-00634,20251219,VEND-024,RT-e1a20865a4,22.06,828.6,0,1570.09,0.18,Low Risk
SHP-00635,20251219,VEND-005,RT-f2b5371b5e,2.1,569.2,1,160.73,0.63,High Risk
SHP-00636,20251219,VEND-021,RT-a3cd09d394,24.82,539.9,0,1815.48,0.09,Low Risk
SHP-00637,20251219,VEND-011,RT-39f1f80084,6.95,666.8,2,695.17,0.49,Medium Risk
SHP-00638,20251219,VEND-015,RT-c0538180ec,8.43,47.8,0,35.63,0.23,Medium Risk
SHP-00639,20251219,VEND-012,RT-f4782c3e41,6.98,400.6,0,251.32,0.18,Low Risk
SHP-00640,20251219,VEND-020,RT-f66d472b5e,7.42,556.0,0,575.46,0.38,Medium Risk
SHP-00641,20251219,VEND-025,RT-3bc10179a4,14.26,413.4,1,560.27,0.58,High Risk
SHP-00642,20251220,VEND-020,RT-0562542450,6.76,360.9,0,364.29,0.19,Low Risk
SHP-00643,20251220,VEND-024,RT-197b439fca,10.45,585.9,0,593.92,0.18,Low Risk
SHP-00644,20251220,VEND-024,RT-4922c0515d,16.73,162.2,0,403.54,0.19,Low Risk
SHP-00645,20251220,VEND-003,RT-e0ef4e6f4a,21.06,329.2,0,998.08,0.17,Low Risk
SHP-00646,20251220,VEND-007,RT-b451da760c,17.63,379.7,0,918.41,0.16,Low Risk
SHP-00647,20251220,VEND-019,RT-18c19b2784,15.26,768.4,0,995.25,0.17,Low Risk
SHP-00648,20251220,VEND-015,RT-1a71a67d27,4.55,1486.2,3,573.32,0.34,Medium Risk
SHP-00649,20251220,VEND-002,RT-68f8fb84d0,20.59,794.0,1,617.15,0.21,Medium Risk
SHP-00650,20251220,VEND-003,RT-f83ed38553,1.89,807.5,0,59.38,0.15,Low Risk
SHP-00651,20251220,VEND-014,RT-d632929be4,7.34,878.8,0,853.74,0.06,Low Risk
SHP-00652,20251221,VEND-016,RT-fb43d9e9b7,2.37,217.1,0,51.23,0.33,Medium Risk
SHP-00653,20251221,VEND-005,RT-140cbb7888,17.02,555.3,3,1356.17,0.5,High Risk
SHP-00654,20251222,VEND-005,RT-46518364b0,9.84,1584.8,2,2143.53,0.5,High Risk
SHP-00655,20251222,VEND-004,RT-3235e4c6b0,16.65,360.5,0,222.48,0.18,Low Risk
SHP-00656,20251223,VEND-015,RT-e968bceedd,9.33,889.7,3,1243.14,0.44,Medium Risk
SHP-00657,20251223,VEND-001,RT-8d6f99d207,11.94,111.2,0,120.7,0.56,High Risk
SHP-00658,20251223,VEND-015,RT-f7b65ab8b3,11.99,1318.7,2,2239.74,0.19,Low Risk
SHP-00659,20251223,VEND-012,RT-f43fedb524,2.09,1007.4,0,84.24,0.16,Low Risk
SHP-00660,20251223,VEND-012,RT-e32483321b,11.33,659.0,0,254.23,0.07,Low Risk
SHP-00661,20251224,VEND-017,RT-be8be2a504,16.39,403.8,0,955.62,0.69,High Risk
SHP-00662,20251224,VEND-014,RT-93caee1148,14.11,272.8,0,534.8,0.11,Low Risk
SHP-00663,20251224,VEND-019,RT-23323c4fd9,2.81,152.0,0,39.0,0.16,Low Risk
SHP-00664,20251224,VEND-020,RT-c2e8a8623e,17.03,101.4,0,249.87,0.25,Medium Risk
SHP-00665,20251224,VEND-024,RT-12d5ec3851,8.41,384.5,0,431.41,0.08,Low Risk
SHP-00666,20251225,VEND-020,RT-5d3c757e9d,1.35,983.7,1,124.97,0.25,Medium Risk
SHP-00667,20251225,VEND-013,RT-9960532718,4.73,408.5,0,78.25,0.18,Low Risk
SHP-00668,20251226,VEND-013,RT-e3314857ba,12.94,304.8,0,539.67,0.01,Low Risk
SHP-00669,20251226,VEND-006,RT-1243ec0c65,8.45,963.3,0,321.88,0.17,Low Risk
SHP-00670,20251226,VEND-015,RT-57adfa063a,17.67,1363.9,0,3170.76,0.42,Medium Risk
SHP-00671,20251226,VEND-004,RT-bb70c49d2a,6.78,1521.2,2,1508.18,0.45,Medium Risk
SHP-00672,20251226,VEND-024,RT-1077708bdb,19.55,279.6,0,474.31,0.19,Low Risk
SHP-00673,20251227,VEND-022,RT-1d9dcd7880,7.88,450.4,1,317.01,0.49,Medium Risk
SHP-00674,20251227,VEND-003,RT-5eb3655757,15.9,326.4,0,718.86,0.09,Low Risk
SHP-00675,20251227,VEND-020,RT-f471c1e46a,20.18,516.3,0,1365.74,0.1,Low Risk
SHP-00676,20251227,VEND-003,RT-e5753e210a,10.25,400.6,0,354.87,0.16,Low Risk
SHP-00677,20251227,VEND-019,RT-4752f5c6b0,2.12,895.9,0,280.53,0.16,Low Risk
SHP-00678,20251228,VEND-003,RT-cab79f1be4,13.85,362.4,0,199.64,0.19,Low Risk
SHP-00679,20251228,VEND-013,RT-7cc0e3d7af,24.89,678.1,0,2459.63,0.18,Low Risk
SHP-00680,20251228,VEND-017,RT-219bb68aa5,24.26,780.2,5,2757.24,0.33,Medium Risk
SHP-00681,20251228,VEND-019,RT-b3421a7a53,6.3,125.0,0,29.7,0.14,Low Risk
SHP-00682,20251229,VEND-011,RT-35390616af,19.14,612.3,0,1620.23,0.28,Medium Risk
SHP-00683,20251229,VEND-024,RT-909d93b39f,9.28,1372.7,2,1845.16,0.19,Low Risk
SHP-00684,20251229,VEND-020,RT-e86e576859,4.85,678.8,0,474.08,0.19,Low Risk
SHP-00685,20251229,VEND-006,RT-4d21ed2826,16.98,234.7,0,353.77,0.23,Medium Risk
SHP-00686,20251229,VEND-017,RT-e3767b7514,13.02,1217.6,3,2406.76,0.16,Low Risk
SHP-00687,20251230,VEND-019,RT-c5b0b85bd5,13.94,871.5,0,1597.82,0.03,Low Risk
SHP-00688,20251230,VEND-009,RT-bf85025606,20.86,655.7,0,1246.59,0.68,High Risk
SHP-00689,20251230,VEND-019,RT-b21569e990,9.08,896.7,0,1119.84,0.02,Low Risk
SHP-00690,20251230,VEND-023,RT-06226ba97b,17.01,508.1,0,1143.6,0.1,Low Risk
SHP-00691,20251230,VEND-021,RT-37170bfe29,9.79,844.6,1,1143.52,0.05,Low Risk
SHP-00692,20251230,VEND-020,RT-39bc179f04,2.03,421.9,3,74.77,0.07,Low Risk
SHP-00693,20251231,VEND-016,RT-37a0e37fc7,10.07,535.7,0,427.51,0.16,Low Risk
SHP-00694,20260102,VEND-007,RT-800f987ffd,23.8,427.6,0,413.38,0.18,Low Risk
SHP-00695,20260102,VEND-020,RT-c943b4bce7,12.6,1414.4,0,2430.23,0.19,Low Risk
SHP-00696,20260104,VEND-010,RT-f4dfca5d76,3.6,1475.3,0,695.93,0.24,Medium Risk
SHP-00697,20260104,VEND-014,RT-91e664e13d,17.51,952.3,0,2244.1,0.02,Low Risk
SHP-00698,20260104,VEND-008,RT-a47495562a,24.12,1116.5,3,2551.69,0.17,Low Risk
SHP-00699,20260104,VEND-008,RT-58cd2e6e50,22.79,711.7,0,2322.35,0.13,Low Risk
SHP-00700,20260105,VEND-004,RT-cf68cb20eb,14.73,893.0,0,1982.0,0.16,Low Risk
SHP-00701,20260105,VEND-025,RT-b48d893c39,10.03,216.6,0,185.24,0.43,Medium Risk
SHP-00702,20260105,VEND-004,RT-966094e429,14.94,384.2,4,805.93,0.17,Low Risk
SHP-00703,20260105,VEND-003,RT-0f85d07e95,20.58,640.6,0,1849.98,0.17,Low Risk
SHP-00704,20260105,VEND-024,RT-bff586781a,21.67,259.4,0,825.36,0.09,Low Risk
SHP-00705,20260106,VEND-014,RT-5e08cc545f,20.65,1386.5,0,4262.25,0.17,Low Risk
SHP-00706,20260106,VEND-011,RT-1b1a34ae04,11.93,452.7,0,481.77,0.55,High Risk
SHP-00707,20260106,VEND-019,RT-3d60ccd6b6,3.85,408.4,0,219.61,0.15,Low Risk
SHP-00708,20260107,VEND-010,RT-19c0ca5c4f,14.66,322.0,0,385.25,0.38,Medium Risk
SHP-00709,20260107,VEND-004,RT-d6dd2ddec2,4.75,777.4,0,529.53,0.18,Low Risk
SHP-00710,20260108,VEND-019,RT-fd236b72c2,2.46,417.1,0,162.14,0.17,Low Risk
SHP-00711,20260108,VEND-005,RT-3b14f84399,12.97,620.7,2,714.68,0.66,High Risk
SHP-00712,20260109,VEND-014,RT-55555b0eb4,16.73,1139.6,0,666.97,0.17,Low Risk
SHP-00713,20260109,VEND-024,RT-c21956a0a9,21.5,119.3,0,335.64,0.02,Low Risk
SHP-00714,20260109,VEND-024,RT-427d6a173a,19.79,653.5,0,505.5,0.18,Low Risk
SHP-00715,20260109,VEND-010,RT-d0e93b572b,21.57,572.7,2,514.81,0.43,Medium Risk
SHP-00716,20260109,VEND-020,RT-2dc4d2f9e5,19.24,535.0,0,413.39,0.18,Low Risk
SHP-00717,20260110,VEND-016,RT-995ac5a68e,17.88,607.1,1,1560.34,0.35,Medium Risk
SHP-00718,20260111,VEND-012,RT-8d640d3caf,1.24,1190.0,0,213.73,0.14,Low Risk
SHP-00719,20260111,VEND-004,RT-1afc27f37b,16.03,420.3,0,917.99,0.14,Low Risk
SHP-00720,20260111,VEND-010,RT-51e7be784f,3.89,299.1,3,120.84,0.74,High Risk
SHP-00721,20260111,VEND-017,RT-32defdcdc7,2.41,1136.2,1,97.35,0.15,Low Risk
SHP-00722,20260112,VEND-025,RT-5e83b1752f,4.75,1151.3,0,715.25,0.17,Low Risk
SHP-00723,20260113,VEND-001,RT-a490a68601,20.76,428.4,0,1316.07,0.17,Low Risk
SHP-00724,20260113,VEND-018,RT-ccf91d4498,18.85,622.1,2,1572.55,0.45,Medium Risk
SHP-00725,20260114,VEND-022,RT-1257427733,23.77,78.1,0,287.45,0.51,High Risk
SHP-00726,20260114,VEND-024,RT-feb55db59b,24.5,521.7,0,1897.04,0.48,Medium Risk
SHP-00727,20260114,VEND-011,RT-8c128e1dce,22.44,456.0,3,1547.08,0.43,Medium Risk
SHP-00728,20260115,VEND-003,RT-9c8f80a064,4.19,1086.8,0,637.85,0.18,Low Risk
SHP-00729,20260115,VEND-007,RT-016d7db13d,22.08,452.1,0,874.13,0.13,Low Risk
SHP-00730,20260115,VEND-022,RT-24c33c4986,21.13,493.0,2,421.35,0.51,High Risk
SHP-00731,20260115,VEND-022,RT-ca0bb85b50,21.91,463.5,0,1342.87,0.35,Medium Risk
SHP-00732,20260116,VEND-016,RT-76d8f6f36c,4.64,442.8,2,90.66,0.74,High Risk
SHP-00733,20260116,VEND-004,RT-7ff690f4ee,3.8,1592.2,0,824.51,0.16,Low Risk
SHP-00734,20260116,VEND-004,RT-4fc7b194fb,23.17,896.0,0,2863.78,0.16,Low Risk
SHP-00735,20260117,VEND-012,RT-918a233832,5.17,558.7,0,249.19,0.18,Low Risk
SHP-00736,20260117,VEND-015,RT-ccf91d4498,9.85,622.5,0,825.82,0.2,Medium Risk
SHP-00737,20260117,VEND-001,RT-9c4720cb93,11.94,661.4,1,289.92,0.16,Low Risk
SHP-00738,20260118,VEND-018,RT-a7793051a4,3.99,489.2,0,266.64,0.48,Medium Risk
SHP-00739,20260118,VEND-014,RT-9972648b45,1.5,717.7,0,151.38,0.15,Low Risk
SHP-00740,20260118,VEND-001,RT-c96e89e1ce,24.86,310.3,0,1077.92,0.17,Low Risk
SHP-00741,20260118,VEND-003,RT-a94ab38e98,22.04,985.6,0,3007.84,0.15,Low Risk
SHP-00742,20260118,VEND-012,RT-4c8690ff17,22.9,1078.7,0,3601.57,0.1,Low Risk
SHP-00743,20260118,VEND-019,RT-eceace9172,7.83,250.0,0,185.57,0.37,Medium Risk
SHP-00744,20260118,VEND-021,RT-67f05bf906,6.28,923.1,0,837.73,0.19,Low Risk
SHP-00745,20260119,VEND-011,RT-dddd9869ad,11.22,730.4,0,363.89,0.42,Medium Risk
SHP-00746,20260119,VEND-008,RT-cf195a5e99,11.88,274.0,1,468.12,0.19,Low Risk
SHP-00747,20260119,VEND-025,RT-6d57667582,1.13,303.2,0,32.48,0.13,Low Risk
SHP-00748,20260119,VEND-012,RT-b79d63624f,19.7,346.8,0,238.04,0.13,Low Risk
SHP-00749,20260120,VEND-008,RT-9b2391e870,24.92,487.0,2,1833.56,0.17,Low Risk
SHP-00750,20260120,VEND-012,RT-886b1d31d5,13.69,306.6,0,157.68,0.14,Low Risk
SHP-00751,20260120,VEND-001,RT-28ede8e2ad,10.32,539.4,0,235.25,0.34,Medium Risk
SHP-00752,20260121,VEND-008,RT-a51ea51975,10.43,417.1,0,370.55,0.04,Low Risk
SHP-00753,20260122,VEND-013,RT-5662e1947a,3.31,640.9,0,329.04,0.21,Medium Risk
SHP-00754,20260122,VEND-023,RT-9cc96c6211,7.39,286.8,0,197.32,0.05,Low Risk
SHP-00755,20260122,VEND-019,RT-c527391476,13.05,539.9,2,629.7,0.05,Low Risk
SHP-00756,20260123,VEND-020,RT-c0435218d0,11.36,666.5,0,296.46,0.16,Low Risk
SHP-00757,20260123,VEND-014,RT-508e066af2,14.08,924.7,0,1862.56,0.14,Low Risk
SHP-00758,20260123,VEND-003,RT-7cdb604981,21.38,229.2,0,183.97,0.12,Low Risk
SHP-00759,20260123,VEND-010,RT-b35955fde6,6.41,341.8,0,314.77,0.2,Medium Risk
SHP-00760,20260124,VEND-025,RT-d09c5881e8,1.66,432.3,0,70.5,0.25,Medium Risk
SHP-00761,20260125,VEND-002,RT-895240a09a,1.92,524.8,4,99.46,0.83,High Risk
SHP-00762,20260125,VEND-022,RT-d0305358dd,4.22,691.9,0,400.08,0.45,Medium Risk
SHP-00763,20260125,VEND-018,RT-c58dc7efc8,14.69,236.3,0,478.41,0.63,High Risk
SHP-00764,20260126,VEND-008,RT-88c0463bcf,20.4,312.7,2,269.74,0.18,Low Risk
SHP-00765,20260126,VEND-020,RT-2e83ac184f,22.28,931.6,0,855.29,0.12,Low Risk
SHP-00766,20260126,VEND-021,RT-7c457f6b4c,16.24,230.5,0,138.08,0.08,Low Risk
SHP-00767,20260126,VEND-002,RT-eb01e1c30d,10.68,310.0,1,127.05,0.15,Low Risk
SHP-00768,20260126,VEND-003,RT-f23b7e67a8,4.71,1120.8,0,472.05,0.12,Low Risk
SHP-00769,20260126,VEND-017,RT-d030497363,10.63,338.6,0,309.73,0.16,Low Risk
SHP-00770,20260126,VEND-025,RT-a21a47f763,8.98,822.1,2,712.3,0.15,Low Risk
SHP-00771,20260126,VEND-001,RT-90e68f2bc1,21.88,323.3,0,1008.72,0.06,Low Risk
SHP-00772,20260127,VEND-017,RT-ed3e70adcf,12.68,645.2,0,294.35,0.25,Medium Risk
SHP-00773,20260127,VEND-004,RT-a1cca629a5,6.43,117.4,0,76.27,0.23,Medium Risk
SHP-00774,20260127,VEND-017,RT-b546d35acd,7.93,462.5,2,533.44,0.6,High Risk
SHP-00775,20260128,VEND-016,RT-bf6906a844,4.28,582.1,2,386.74,0.72,High Risk
SHP-00776,20260128,VEND-003,RT-4030b8e5e1,23.05,1525.0,0,4880.5,0.11,Low Risk
SHP-00777,20260128,VEND-018,RT-758c374be8,2.21,340.7,4,110.7,0.61,High Risk
SHP-00778,20260129,VEND-023,RT-8d2b6626f3,1.31,525.9,0,65.5,0.18,Low Risk
SHP-00779,20260129,VEND-022,RT-f42f69ad5c,5.39,430.9,2,361.18,0.92,High Risk
SHP-00780,20260129,VEND-001,RT-bd107642ec,20.46,654.1,5,554.77,0.32,Medium Risk
SHP-00781,20260130,VEND-007,RT-ef8db1f969,13.56,460.9,0,859.98,0.21,Medium Risk
SHP-00782,20260130,VEND-007,RT-474b2ef682,16.02,669.3,0,1011.46,0.27,Medium Risk
SHP-00783,20260130,VEND-012,RT-8feaac66a0,9.59,871.1,0,663.45,0.05,Low Risk
SHP-00784,20260130,VEND-004,RT-d71f9c3b01,2.65,511.6,0,114.28,0.14,Low Risk
SHP-00785,20260130,VEND-022,RT-5c3b8616b0,21.55,584.2,2,497.03,0.26,Medium Risk
SHP-00786,20260131,VEND-020,RT-0bf928786d,5.61,379.0,4,340.91,0.51,High Risk
SHP-00787,20260131,VEND-021,RT-7e47fe4458,1.79,739.9,0,113.79,0.18,Low Risk
SHP-00788,20260131,VEND-005,RT-3b8635832b,14.74,1095.6,2,638.78,0.53,High Risk
SHP-00789,20260131,VEND-001,RT-d07c697063,3.0,577.0,0,264.76,0.07,Low Risk
SHP-00790,20260131,VEND-023,RT-6a6d7255a6,3.3,363.2,0,98.82,0.14,Low Risk
SHP-00791,20260201,VEND-008,RT-eb16fe6972,20.21,503.4,0,1432.86,0.09,Low Risk
SHP-00792,20260201,VEND-017,RT-915b41a92d,12.8,578.0,0,283.91,0.15,Low Risk
SHP-00793,20260201,VEND-023,RT-6de847c8fe,6.8,778.1,0,727.72,0.12,Low Risk
SHP-00794,20260202,VEND-001,RT-56316c6bdd,9.37,823.2,0,672.4,0.15,Low Risk
SHP-00795,20260202,VEND-001,RT-2703b94a67,18.5,453.6,0,1229.24,0.31,Medium Risk
SHP-00796,20260203,VEND-001,RT-f46da8593b,2.59,1035.6,0,377.81,0.17,Low Risk
SHP-00797,20260203,VEND-004,RT-2cba50315a,3.8,860.0,0,499.42,0.25,Medium Risk
SHP-00798,20260203,VEND-002,RT-bd3ac85c1a,15.79,1220.7,0,1652.08,0.32,Medium Risk
SHP-00799,20260203,VEND-021,RT-dfabf0feab,15.57,318.5,0,701.09,0.27,Medium Risk
SHP-00800,20260203,VEND-016,RT-72e403580d,24.34,213.4,0,735.99,0.51,High Risk
SHP-00801,20260203,VEND-025,RT-6369e3f74b,9.99,336.6,0,137.33,0.18,Low Risk
SHP-00802,20260204,VEND-021,RT-6438d63749,2.56,806.2,0,180.51,0.14,Low Risk
SHP-00803,20260204,VEND-025,RT-3f77d08fd6,13.9,1240.9,2,2475.59,0.1,Low Risk
SHP-00804,20260205,VEND-006,RT-3a0d50f88a,16.32,425.8,0,935.93,0.05,Low Risk
SHP-00805,20260205,VEND-008,RT-040747061f,4.35,641.8,0,247.28,0.18,Low Risk
SHP-00806,20260205,VEND-022,RT-83b81fb605,14.27,153.1,0,329.04,0.2,Medium Risk
SHP-00807,20260205,VEND-007,RT-cb07765d61,5.75,1274.3,0,1136.95,0.29,Medium Risk
SHP-00808,20260205,VEND-002,RT-9aad9a8eea,21.27,352.2,1,693.38,0.62,High Risk
SHP-00809,20260205,VEND-017,RT-614459d52b,21.04,390.8,2,1157.31,0.33,Medium Risk
SHP-00810,20260206,VEND-021,RT-fc93dce4f4,11.31,931.3,1,1515.65,0.26,Medium Risk
SHP-00811,20260206,VEND-025,RT-265ca62123,24.2,1044.7,2,3506.67,0.23,Medium Risk
SHP-00812,20260206,VEND-024,RT-fecd1750e7,24.51,329.6,0,287.57,0.08,Low Risk
SHP-00813,20260207,VEND-004,RT-5e07b5aa1a,4.1,1188.7,2,427.91,0.21,Medium Risk
SHP-00814,20260207,VEND-020,RT-dde9866bf0,9.83,647.2,0,267.78,0.23,Medium Risk
SHP-00815,20260207,VEND-022,RT-a68c638e16,15.41,470.4,5,297.24,0.66,High Risk
SHP-00816,20260207,VEND-018,RT-34963c7f79,3.04,914.6,2,403.24,0.36,Medium Risk
SHP-00817,20260207,VEND-021,RT-f8a6c8e822,10.18,231.6,0,309.28,0.1,Low Risk
SHP-00818,20260207,VEND-021,RT-9cf098a464,7.27,1304.2,0,1352.17,0.38,Medium Risk
SHP-00819,20260207,VEND-012,RT-ed12617481,23.85,122.7,0,365.84,0.0,Low Risk
SHP-00820,20260208,VEND-002,RT-6d6ed507f6,10.88,1372.1,1,2120.75,0.2,Medium Risk
SHP-00821,20260209,VEND-012,RT-e88ac2ed56,19.3,439.5,1,318.62,0.05,Low Risk
SHP-00822,20260209,VEND-006,RT-916f04a63b,10.28,592.2,0,879.95,0.06,Low Risk
SHP-00823,20260209,VEND-003,RT-2f80eea353,4.16,600.2,0,360.65,0.12,Low Risk
SHP-00824,20260210,VEND-004,RT-e8524e23f3,21.72,382.9,2,1333.31,0.53,High Risk
SHP-00825,20260210,VEND-018,RT-bbc396749a,1.01,490.8,3,83.38,0.62,High Risk
SHP-00826,20260211,VEND-013,RT-afadfb1ad9,2.34,1187.8,0,372.35,0.1,Low Risk
SHP-00827,20260211,VEND-014,RT-5ed6459eb7,9.75,921.2,4,1255.12,0.07,Low Risk
SHP-00828,20260211,VEND-019,RT-b66a61d7ad,17.49,115.9,0,325.14,0.28,Medium Risk
SHP-00829,20260212,VEND-014,RT-ee63e09465,9.2,343.8,0,459.63,0.06,Low Risk
SHP-00830,20260212,VEND-016,RT-4223256fc8,2.59,416.2,2,95.01,0.29,Medium Risk
SHP-00831,20260212,VEND-003,RT-59bbe46d26,8.63,1074.1,0,812.66,0.11,Low Risk
SHP-00832,20260213,VEND-022,RT-6dae326921,6.88,1023.9,2,598.2,0.65,High Risk
SHP-00833,20260213,VEND-012,RT-934e69164e,1.13,322.7,0,35.13,0.08,Low Risk
SHP-00834,20260213,VEND-004,RT-364fa0c8b8,13.84,1028.8,3,1413.88,0.37,Medium Risk
SHP-00835,20260213,VEND-021,RT-8db5c75458,3.8,328.0,0,115.21,0.2,Medium Risk
SHP-00836,20260214,VEND-019,RT-3861c0a018,7.9,587.5,0,653.1,0.1,Low Risk
SHP-00837,20260214,VEND-002,RT-073cafda63,16.39,554.4,2,1264.77,0.3,Medium Risk
SHP-00838,20260215,VEND-005,RT-46b7c77c9d,18.4,578.4,3,1544.43,0.66,High Risk
SHP-00839,20260215,VEND-001,RT-566ee68649,7.32,230.8,0,67.83,0.07,Low Risk
SHP-00840,20260215,VEND-007,RT-c007b46ca3,8.9,876.4,0,1049.7,0.16,Low Risk
SHP-00841,20260215,VEND-003,RT-22d1ea3bfa,6.93,1098.4,0,615.35,0.13,Low Risk
SHP-00842,20260216,VEND-018,RT-37f59d5282,23.97,1044.2,1,3810.1,0.47,Medium Risk
SHP-00843,20260216,VEND-014,RT-701df55e7c,5.57,294.8,0,258.4,0.18,Low Risk
SHP-00844,20260216,VEND-025,RT-a9193d7521,5.4,345.5,0,163.92,0.03,Low Risk
SHP-00845,20260216,VEND-019,RT-17efdf85a5,11.68,589.2,0,975.63,0.16,Low Risk
SHP-00846,20260216,VEND-016,RT-2650fdde08,5.54,667.3,2,547.03,0.43,Medium Risk
SHP-00847,20260216,VEND-013,RT-cb4717c021,4.76,616.4,0,432.98,0.26,Medium Risk
SHP-00848,20260216,VEND-002,RT-c91dae9629,3.3,574.3,3,86.69,0.56,High Risk
SHP-00849,20260217,VEND-002,RT-d94f659653,16.36,607.8,1,937.99,0.66,High Risk
SHP-00850,20260217,VEND-016,RT-8f4c26d508,15.69,1438.2,1,2959.07,0.38,Medium Risk
SHP-00851,20260217,VEND-001,RT-f8659eb1f6,16.6,660.3,0,381.89,0.24,Medium Risk
SHP-00852,20260217,VEND-002,RT-fe936620a2,19.56,675.9,2,1992.1,0.15,Low Risk
SHP-00853,20260217,VEND-006,RT-73a96b55a1,8.83,624.0,0,470.28,0.14,Low Risk
SHP-00854,20260217,VEND-023,RT-11644546be,23.04,625.1,0,1837.85,0.03,Low Risk
SHP-00855,20260217,VEND-012,RT-5f7aa613c4,18.6,335.1,0,896.16,0.03,Low Risk
SHP-00856,20260218,VEND-018,RT-e0e7b8fa2a,20.31,809.9,0,2346.89,0.36,Medium Risk
SHP-00857,20260218,VEND-011,RT-456459fc0c,18.3,647.2,2,1700.53,0.23,Medium Risk
SHP-00858,20260218,VEND-005,RT-ed6fd49099,9.6,77.1,4,77.52,0.58,High Risk
SHP-00859,20260218,VEND-010,RT-d023bf94e3,7.79,77.1,1,53.99,0.18,Low Risk
SHP-00860,20260219,VEND-003,RT-16d64e8459,11.14,122.1,0,114.32,0.02,Low Risk
SHP-00861,20260220,VEND-020,RT-6cc51fe6f7,3.33,867.3,0,389.53,0.17,Low Risk
SHP-00862,20260220,VEND-005,RT-fbf32d56ee,11.83,633.4,4,676.85,0.47,Medium Risk
SHP-00863,20260220,VEND-010,RT-8465aae018,2.04,1086.4,2,347.95,0.4,Medium Risk
SHP-00864,20260220,VEND-025,RT-8cbf14250e,1.09,1139.2,0,186.34,0.2,Medium Risk
SHP-00865,20260220,VEND-015,RT-55ba7434d4,23.36,337.4,0,286.78,0.13,Low Risk
SHP-00866,20260221,VEND-012,RT-c85e314266,17.54,1563.6,0,2354.62,0.14,Low Risk
SHP-00867,20260221,VEND-014,RT-6f0c182f8c,14.48,511.7,0,1127.42,0.26,Medium Risk
SHP-00868,20260221,VEND-020,RT-6e6b847c8a,9.19,759.2,0,1010.72,0.21,Medium Risk
SHP-00869,20260222,VEND-007,RT-1b6c742f99,14.69,572.4,0,751.44,0.26,Medium Risk
SHP-00870,20260222,VEND-016,RT-65da004bf5,22.4,463.6,0,373.04,0.36,Medium Risk
SHP-00871,20260223,VEND-022,RT-bb4e258796,16.66,203.3,0,127.17,0.17,Low Risk
SHP-00872,20260223,VEND-015,RT-cd09e6411f,15.46,786.8,0,1605.43,0.11,Low Risk
SHP-00873,20260223,VEND-012,RT-80e537cd1a,12.04,334.5,0,151.5,0.06,Low Risk
SHP-00874,20260223,VEND-004,RT-8afddf8ca9,9.3,867.7,0,653.81,0.03,Low Risk
SHP-00875,20260224,VEND-007,RT-e11508720a,17.77,396.6,0,600.91,0.13,Low Risk
SHP-00876,20260224,VEND-024,RT-e1c0792bfd,24.54,1135.2,0,3835.18,0.09,Low Risk
SHP-00877,20260224,VEND-014,RT-61aceb9c42,11.19,1282.5,0,2104.07,0.22,Medium Risk
SHP-00878,20260225,VEND-008,RT-f6ec00c383,10.41,464.2,0,177.73,0.08,Low Risk
SHP-00879,20260225,VEND-011,RT-e49f92af4e,11.27,659.0,2,307.45,0.26,Medium Risk
SHP-00880,20260225,VEND-015,RT-8a499b0d15,11.21,849.7,0,1369.89,0.31,Medium Risk
SHP-00881,20260226,VEND-014,RT-3ec87b56fd,24.77,118.7,0,433.24,0.08,Low Risk
SHP-00882,20260226,VEND-018,RT-e92fd8ea60,17.96,590.7,1,1583.84,0.93,High Risk
SHP-00883,20260226,VEND-007,RT-93acd469ec,9.62,517.9,0,474.27,0.32,Medium Risk
SHP-00884,20260227,VEND-017,RT-9b8b8c02d1,9.92,320.8,1,467.46,0.17,Low Risk
SHP-00885,20260227,VEND-012,RT-e6058d2b8d,11.34,300.1,0,487.74,0.05,Low Risk
SHP-00886,20260227,VEND-024,RT-11ec05ecc5,1.88,656.0,0,109.28,0.1,Low Risk
SHP-00887,20260227,VEND-004,RT-f7c65ce1db,13.67,321.1,0,181.77,0.21,Medium Risk
SHP-00888,20260227,VEND-004,RT-0d7e72c77e,20.47,169.9,0,552.32,0.25,Medium Risk
SHP-00889,20260228,VEND-012,RT-6e834a7dd7,16.85,757.9,0,1823.16,0.13,Low Risk
SHP-00890,20260228,VEND-013,RT-a4a50efbbc,5.76,689.9,0,351.14,0.12,Low Risk
SHP-00891,20260228,VEND-018,RT-a3674bf7f2,18.47,677.4,1,1789.34,0.7,High Risk
SHP-00892,20260228,VEND-011,RT-9302df7119,18.27,724.4,5,2037.1,0.45,Medium Risk
SHP-00893,20260228,VEND-023,RT-0b975d27f2,7.3,1187.7,0,1315.35,0.36,Medium Risk
SHP-00894,20260228,VEND-012,RT-886f2a46fc,15.95,1327.4,0,3225.6,0.36,Medium Risk
SHP-00895,20260228,VEND-004,RT-3a6188b742,15.66,865.5,0,534.97,0.17,Low Risk
SHP-00896,20260228,VEND-003,RT-94f1ce6df2,21.15,1024.2,0,3285.5,0.17,Low Risk
SHP-00897,20260228,VEND-025,RT-8b05e51eae,4.27,530.4,0,205.08,0.16,Low Risk
SHP-00898,20260228,VEND-004,RT-af3993fd91,5.68,47.4,0,43.47,0.03,Low Risk
SHP-00899,20260301,VEND-024,RT-0b0480c9f8,12.66,392.1,0,666.26,0.03,Low Risk
SHP-00900,20260301,VEND-007,RT-1641c94112,2.06,911.3,1,285.11,0.26,Medium Risk
SHP-00901,20260301,VEND-003,RT-fccca8515d,10.97,668.3,0,597.16,0.01,Low Risk
SHP-00902,20260301,VEND-008,RT-c136659f3d,19.92,1119.5,0,3175.0,0.06,Low Risk
SHP-00903,20260301,VEND-016,RT-67521e8d13,4.57,999.3,0,599.04,0.66,High Risk
SHP-00904,20260301,VEND-011,RT-4996d9b85d,12.04,401.8,0,704.71,0.56,High Risk
SHP-00905,20260302,VEND-020,RT-2f1104d7e3,24.75,140.8,0,142.8,0.15,Low Risk
SHP-00906,20260302,VEND-016,RT-6f82a2c186,13.14,168.2,3,330.51,0.48,Medium Risk
SHP-00907,20260303,VEND-011,RT-dfcd2b6484,12.96,458.2,1,540.83,0.3,Medium Risk
SHP-00908,20260303,VEND-016,RT-5f3582796f,14.41,237.4,0,129.64,0.38,Medium Risk
SHP-00909,20260303,VEND-025,RT-7bdfeae3aa,5.46,897.9,0,174.4,0.12,Low Risk
SHP-00910,20260303,VEND-011,RT-345a79a4a8,4.53,1024.8,0,365.77,0.37,Medium Risk
SHP-00911,20260304,VEND-004,RT-f9dc5a40d5,17.26,377.2,0,945.18,0.19,Low Risk
SHP-00912,20260304,VEND-011,RT-ec47a39cc1,10.5,419.1,0,423.9,0.74,High Risk
SHP-00913,20260305,VEND-022,RT-8473e90601,7.96,1564.8,0,1076.96,0.3,Medium Risk
SHP-00914,20260305,VEND-006,RT-d90c9a92e9,1.75,626.9,2,157.83,0.12,Low Risk
SHP-00915,20260305,VEND-024,RT-0c7be9fc67,21.31,596.8,0,504.23,0.05,Low Risk
SHP-00916,20260306,VEND-015,RT-9cf098a464,1.78,1319.3,0,329.08,0.49,Medium Risk
SHP-00917,20260306,VEND-016,RT-7d02e66dd1,19.0,1355.4,3,3501.0,0.5,High Risk
SHP-00918,20260307,VEND-008,RT-14a9b41c7f,10.17,511.4,0,438.53,0.08,Low Risk
SHP-00919,20260307,VEND-024,RT-a96947193d,15.37,1530.6,0,1981.26,0.14,Low Risk
SHP-00920,20260307,VEND-001,RT-e4891bb301,6.94,1018.4,0,1012.42,0.12,Low Risk
SHP-00921,20260307,VEND-008,RT-9a25eab3a4,4.73,819.6,0,330.59,0.12,Low Risk
SHP-00922,20260308,VEND-011,RT-2a4214ee52,13.8,618.3,0,304.04,0.12,Low Risk
SHP-00923,20260308,VEND-012,RT-d531b9f234,17.69,1157.1,0,2855.1,0.14,Low Risk
SHP-00924,20260309,VEND-012,RT-e77f398723,5.69,311.3,0,154.11,0.07,Low Risk
SHP-00925,20260309,VEND-004,RT-00e85fb31e,11.47,626.0,4,302.87,0.18,Low Risk
SHP-00926,20260309,VEND-006,RT-eaa911cd58,11.67,1216.7,0,1952.83,0.11,Low Risk
SHP-00927,20260309,VEND-003,RT-4a8e46dc27,6.18,358.6,1,192.96,0.11,Low Risk
SHP-00928,20260309,VEND-015,RT-8716c2e6d2,14.56,1196.9,0,2257.19,0.12,Low Risk
SHP-00929,20260310,VEND-009,RT-38e9c72877,4.5,758.0,1,464.95,0.5,High Risk
SHP-00930,20260310,VEND-015,RT-b75e0fb8b6,13.23,571.6,0,1113.07,0.41,Medium Risk
SHP-00931,20260310,VEND-015,RT-cb4717c021,3.72,638.2,1,343.01,0.23,Medium Risk
SHP-00932,20260310,VEND-018,RT-e87faaf704,12.65,1611.4,1,2904.51,0.61,High Risk
SHP-00933,20260310,VEND-014,RT-11f2f73c21,8.48,45.2,0,36.38,0.16,Low Risk
SHP-00934,20260310,VEND-017,RT-a2b5cc0356,11.85,1364.2,0,2289.35,0.51,High Risk
SHP-00935,20260311,VEND-015,RT-363525bb70,11.41,1378.2,0,2260.83,0.51,High Risk
SHP-00936,20260311,VEND-017,RT-213912d8f8,22.79,1733.0,3,5529.19,0.2,Medium Risk
SHP-00937,20260311,VEND-016,RT-2ebb68dce5,12.76,567.0,1,956.68,0.23,Medium Risk
SHP-00938,20260312,VEND-008,RT-8f3aa30891,20.64,1174.6,0,3314.13,0.02,Low Risk
SHP-00939,20260312,VEND-007,RT-452f5f9b14,6.42,743.0,0,421.88,0.23,Medium Risk
SHP-00940,20260313,VEND-020,RT-e5b3697359,9.45,933.0,0,1125.54,0.05,Low Risk
SHP-00941,20260313,VEND-009,RT-f910f0da25,2.8,980.9,2,233.4,0.71,High Risk
SHP-00942,20260313,VEND-014,RT-409568ce96,11.1,1167.5,0,1837.77,0.05,Low Risk
SHP-00943,20260314,VEND-005,RT-739aeaa6a3,17.05,530.9,0,1233.85,0.72,High Risk
SHP-00944,20260314,VEND-011,RT-0912a231c6,21.12,770.9,0,2350.83,0.23,Medium Risk
SHP-00945,20260314,VEND-014,RT-175195b134,14.58,635.8,0,1250.62,0.14,Low Risk
SHP-00946,20260314,VEND-016,RT-8575ec8e83,16.36,325.3,0,844.63,0.56,High Risk
SHP-00947,20260315,VEND-014,RT-c616721880,5.25,633.0,0,133.19,0.21,Medium Risk
SHP-00948,20260315,VEND-010,RT-ed3e70adcf,1.89,646.8,0,46.18,0.55,High Risk
SHP-00949,20260315,VEND-025,RT-37a14365d7,20.0,1106.6,0,3195.07,0.15,Low Risk
SHP-00950,20260317,VEND-013,RT-5b6e5ec033,5.01,1337.0,0,632.63,0.59,High Risk
SHP-00951,20260317,VEND-021,RT-82241e1e6e,3.19,910.1,0,115.38,0.15,Low Risk
SHP-00952,20260317,VEND-019,RT-76e4b84451,23.5,776.1,0,2518.24,0.08,Low Risk
SHP-00953,20260317,VEND-014,RT-7a757ff836,24.12,608.8,0,2238.02,0.5,High Risk
SHP-00954,20260318,VEND-023,RT-a0273938a4,15.79,946.7,0,2013.0,0.06,Low Risk
SHP-00955,20260318,VEND-004,RT-ba6cec2226,10.09,1019.8,2,1403.44,0.15,Low Risk
SHP-00956,20260318,VEND-024,RT-09684721d6,21.0,1179.4,0,3341.83,0.09,Low Risk
SHP-00957,20260319,VEND-022,RT-45e52bee41,5.91,1133.4,0,235.66,0.16,Low Risk
SHP-00958,20260319,VEND-013,RT-0f9960c9d8,11.31,834.0,0,1331.58,0.1,Low Risk
SHP-00959,20260320,VEND-019,RT-b5e348dafa,9.57,1059.2,0,1295.16,0.02,Low Risk
SHP-00960,20260320,VEND-014,RT-805e488cca,22.9,640.7,1,1964.44,0.04,Low Risk
SHP-00961,20260320,VEND-007,RT-b78f9c8819,23.07,526.4,0,1806.82,0.27,Medium Risk
SHP-00962,20260320,VEND-020,RT-08773f5479,16.62,239.2,2,157.78,0.23,Medium Risk
SHP-00963,20260320,VEND-007,RT-2de46e301e,3.66,1285.4,0,405.04,0.09,Low Risk
SHP-00964,20260320,VEND-008,RT-363525bb70,12.57,1330.2,0,2399.74,0.4,Medium Risk
SHP-00965,20260320,VEND-013,RT-c712b2b191,6.89,1257.7,0,1338.07,0.51,High Risk
SHP-00966,20260320,VEND-021,RT-7370e012e7,22.24,1058.1,0,3051.68,0.04,Low Risk
SHP-00967,20260321,VEND-010,RT-23485cdab1,4.32,855.6,0,495.93,0.3,Medium Risk
SHP-00968,20260321,VEND-013,RT-eb6409743c,2.3,350.5,0,73.49,0.13,Low Risk
SHP-00969,20260321,VEND-002,RT-2653b6048b,17.91,846.8,0,596.32,0.26,Medium Risk
SHP-00970,20260322,VEND-003,RT-4ef315f96d,11.88,1051.4,0,468.52,0.07,Low Risk
SHP-00971,20260322,VEND-002,RT-b7c2b54813,21.12,358.6,1,1053.73,0.51,High Risk
SHP-00972,20260322,VEND-002,RT-dd3089098e,2.79,416.7,0,97.4,0.13,Low Risk
SHP-00973,20260322,VEND-022,RT-62f81bc4ea,20.23,1435.5,0,4028.83,0.4,Medium Risk
SHP-00974,20260322,VEND-022,RT-310bb4cbc8,1.9,398.5,0,71.6,0.57,High Risk
SHP-00975,20260323,VEND-021,RT-554d9d71bb,1.67,445.9,0,73.18,0.26,Medium Risk
SHP-00976,20260323,VEND-002,RT-48a7f92f7b,12.07,811.9,0,1220.31,0.11,Low Risk
SHP-00977,20260323,VEND-002,RT-a24c24de14,6.31,594.9,0,508.07,0.35,Medium Risk
SHP-00978,20260323,VEND-008,RT-3fe18ccb7a,15.25,771.3,0,1542.65,0.04,Low Risk
SHP-00979,20260323,VEND-015,RT-48bae08d7b,1.62,885.5,0,124.35,0.55,High Risk
SHP-00980,20260324,VEND-009,RT-b4cd50d898,1.85,381.0,0,26.01,0.5,High Risk
SHP-00981,20260324,VEND-013,RT-6a2cea7591,18.45,875.1,0,566.3,0.19,Low Risk
SHP-00982,20260324,VEND-005,RT-e60ef1da39,6.04,1214.7,2,289.01,0.61,High Risk
SHP-00983,20260324,VEND-019,RT-a65f3b1bb5,16.75,1080.4,4,2758.87,0.26,Medium Risk
SHP-00984,20260324,VEND-008,RT-a9c48ea86d,19.0,211.9,0,566.6,0.06,Low Risk
SHP-00985,20260324,VEND-002,RT-5cde7b9eab,2.42,323.1,0,30.94,0.25,Medium Risk
SHP-00986,20260324,VEND-019,RT-c36644b380,19.47,350.3,0,891.92,0.03,Low Risk
SHP-00987,20260324,VEND-023,RT-b4e11e39ea,7.44,1234.0,0,762.42,0.05,Low Risk
SHP-00988,20260324,VEND-001,RT-6ea008aee5,10.35,1598.9,0,2255.29,0.17,Low Risk
SHP-00989,20260325,VEND-011,RT-ba65ac6c5c,3.08,588.1,0,157.38,0.31,Medium Risk
SHP-00990,20260325,VEND-021,RT-7d06c106df,21.13,239.5,0,473.39,0.28,Medium Risk
SHP-00991,20260326,VEND-018,RT-d061b9118c,14.46,652.4,4,1485.45,0.72,High Risk
SHP-00992,20260326,VEND-022,RT-f6635ac2b4,13.11,215.7,0,107.3,0.15,Low Risk
SHP-00993,20260327,VEND-011,RT-97a4dcc394,24.25,326.1,0,1117.88,0.15,Low Risk
SHP-00994,20260327,VEND-010,RT-2d0603d9ab,9.03,318.6,4,110.69,0.36,Medium Risk
SHP-00995,20260327,VEND-018,RT-1d2e5e1029,22.38,669.3,2,1227.65,0.24,Medium Risk
SHP-00996,20260327,VEND-004,RT-89755f7760,18.27,862.8,3,1440.95,0.26,Medium Risk
SHP-00997,20260327,VEND-006,RT-6ed777c7a3,23.28,554.9,0,1109.86,0.2,Medium Risk
SHP-00998,20260327,VEND-016,RT-72739cc641,22.79,1377.9,0,4262.55,0.26,Medium Risk
SHP-00999,20260328,VEND-017,RT-c0e8697718,24.78,1497.3,1,5190.4,0.42,Medium Risk
SHP-01000,20260328,VEND-003,RT-8858e774cf,4.16,835.3,0,452.43,0.06,Low Risk
SHP-01001,20260328,VEND-013,RT-14a9b41c7f,20.1,489.6,0,820.08,0.06,Low Risk
SHP-01002,20260328,VEND-010,RT-9a328f99b8,20.31,726.2,0,2099.05,0.5,High Risk
SHP-01003,20260328,VEND-013,RT-6e9a8948b7,16.46,647.5,0,1483.17,0.14,Low Risk
SHP-01004,20260329,VEND-024,RT-06f0d51e26,7.69,569.4,0,616.6,0.12,Low Risk
SHP-01005,20260329,VEND-002,RT-331694646f,24.16,566.7,0,2089.17,0.38,Medium Risk
SHP-01006,20260330,VEND-025,RT-f8adc06dfa,5.91,903.7,0,726.6,0.2,Medium Risk
SHP-01007,20260330,VEND-012,RT-35c4caceec,12.99,757.8,0,1296.97,0.0,Low Risk
SHP-01008,20260331,VEND-020,RT-11f4101519,13.52,220.6,0,240.06,0.03,Low Risk
SHP-01009,20260331,VEND-011,RT-506ac4afe1,4.88,535.7,0,209.17,0.09,Low Risk
SHP-01010,20260331,VEND-008,RT-0cecdb0671,18.34,941.7,0,2489.65,0.12,Low Risk
SHP-01011,20260401,VEND-020,RT-1790df65f9,3.13,357.4,0,100.66,0.25,Medium Risk
SHP-01012,20260401,VEND-018,RT-64d5c219bd,17.63,349.1,1,810.72,0.25,Medium Risk
SHP-01013,20260401,VEND-004,RT-c8534d712b,21.37,453.4,0,342.94,0.1,Low Risk
SHP-01014,20260402,VEND-018,RT-fc3d939384,9.39,653.0,3,793.37,0.69,High Risk
SHP-01015,20260403,VEND-019,RT-a0f50e7198,18.03,606.6,0,1568.23,0.16,Low Risk
SHP-01016,20260403,VEND-010,RT-4c7e2446c0,4.76,488.2,0,92.48,0.26,Medium Risk
SHP-01017,20260403,VEND-024,RT-1a80bfc462,21.3,924.5,0,2757.72,0.04,Low Risk
SHP-01018,20260404,VEND-017,RT-82876853e9,23.85,657.7,0,2100.69,0.22,Medium Risk
SHP-01019,20260404,VEND-009,RT-121883a2e6,4.66,628.3,3,280.13,0.77,High Risk
SHP-01020,20260404,VEND-001,RT-2e9411e14d,17.6,584.4,0,347.84,0.14,Low Risk
SHP-01021,20260405,VEND-017,RT-a5fe34f155,13.14,1007.4,0,1678.44,0.13,Low Risk
SHP-01022,20260405,VEND-006,RT-f537903cad,13.76,1033.1,0,2099.31,0.16,Low Risk
SHP-01023,20260405,VEND-019,RT-3cf21e077d,17.96,224.2,0,150.7,0.06,Low Risk
SHP-01024,20260405,VEND-014,RT-4026279527,12.73,631.8,0,1044.43,0.06,Low Risk
SHP-01025,20260405,VEND-012,RT-9457fb5367,15.41,677.2,0,1416.86,0.05,Low Risk
SHP-01026,20260405,VEND-005,RT-00380822b2,6.54,1171.3,5,1163.7,0.87,High Risk
SHP-01027,20260405,VEND-018,RT-6dd34e9c0c,10.08,600.7,0,801.76,0.35,Medium Risk
SHP-01028,20260406,VEND-005,RT-b8468563de,21.77,1148.6,1,3376.29,0.49,Medium Risk
SHP-01029,20260406,VEND-011,RT-04f713fedc,3.64,857.4,0,430.53,0.16,Low Risk
SHP-01030,20260406,VEND-021,RT-7f5744318c,15.34,773.6,0,402.34,0.13,Low Risk
SHP-01031,20260406,VEND-024,RT-ad995efeb3,5.42,762.5,0,350.77,0.0,Low Risk
SHP-01032,20260406,VEND-025,RT-853b8656ad,21.32,228.6,0,181.41,0.08,Low Risk
SHP-01033,20260407,VEND-024,RT-4f4db3f0ab,14.9,1117.8,0,589.83,0.08,Low Risk
SHP-01034,20260407,VEND-014,RT-6532d37e24,10.67,320.0,0,487.81,0.06,Low Risk
SHP-01035,20260407,VEND-006,RT-9b39415497,7.0,501.5,0,315.52,0.05,Low Risk
SHP-01036,20260407,VEND-021,RT-09e344142a,11.48,1362.6,0,639.09,0.16,Low Risk
SHP-01037,20260407,VEND-021,RT-e5d081f8b3,23.98,448.2,0,1432.63,0.04,Low Risk
SHP-01038,20260408,VEND-025,RT-6bccd05f5d,13.22,612.1,0,1051.51,0.03,Low Risk
SHP-01039,20260408,VEND-017,RT-cca2780d68,12.27,313.9,0,323.92,0.13,Low Risk
SHP-01040,20260409,VEND-004,RT-492fcf6c54,18.91,1549.8,0,4096.19,0.37,Medium Risk
SHP-01041,20260409,VEND-013,RT-6667677eef,10.1,360.8,0,291.8,0.09,Low Risk
SHP-01042,20260409,VEND-012,RT-909052f98a,11.26,1125.4,1,1058.03,0.0,Low Risk
SHP-01043,20260409,VEND-022,RT-11ec05ecc5,9.09,597.4,0,428.12,0.17,Low Risk
SHP-01044,20260409,VEND-010,RT-0ab920ce89,4.62,197.5,2,76.31,0.1,Low Risk
SHP-01045,20260410,VEND-009,RT-695f31307b,18.13,146.0,0,103.27,0.26,Medium Risk
SHP-01046,20260410,VEND-003,RT-a3164605dc,21.95,682.1,0,1288.43,0.12,Low Risk
SHP-01047,20260410,VEND-021,RT-a2fbbdef7c,22.73,947.1,1,1782.32,0.11,Low Risk
SHP-01048,20260410,VEND-019,RT-20eea7301c,22.14,622.9,0,1887.89,0.12,Low Risk
SHP-01049,20260411,VEND-002,RT-5aea39b58a,11.84,1132.3,1,541.38,0.31,Medium Risk
SHP-01050,20260411,VEND-011,RT-35d69a3f99,7.82,571.6,0,611.52,0.89,High Risk
SHP-01051,20260411,VEND-012,RT-93151b9c36,16.31,157.3,0,104.01,0.26,Medium Risk
SHP-01052,20260411,VEND-012,RT-553c49af6d,23.91,880.8,0,2774.58,0.11,Low Risk
SHP-01053,20260411,VEND-023,RT-82cde61c0a,18.45,1588.2,0,3641.22,0.13,Low Risk
SHP-01054,20260411,VEND-004,RT-49854ce249,12.88,222.7,0,400.55,0.4,Medium Risk
SHP-01055,20260411,VEND-008,RT-a71342a676,17.53,1158.6,0,2673.9,0.01,Low Risk
SHP-01056,20260412,VEND-005,RT-eb5c988023,19.54,280.7,0,777.62,0.44,Medium Risk
SHP-01057,20260412,VEND-007,RT-f7d607ac85,23.06,224.8,0,188.47,0.13,Low Risk
SHP-01058,20260412,VEND-023,RT-2ee64a7445,19.32,1019.5,0,719.2,0.09,Low Risk
SHP-01059,20260412,VEND-024,RT-b63fab53cb,11.4,662.1,0,614.03,0.01,Low Risk
SHP-01060,20260413,VEND-002,RT-85e81330d9,7.57,1144.0,0,1270.9,0.24,Medium Risk
SHP-01061,20260413,VEND-016,RT-cad4ba358d,13.0,1259.8,0,2392.76,0.66,High Risk
SHP-01062,20260413,VEND-006,RT-143d183e37,8.88,647.6,0,507.35,0.17,Low Risk
SHP-01063,20260413,VEND-005,RT-b8f33f391f,23.63,411.1,0,1390.08,0.29,Medium Risk
SHP-01064,20260413,VEND-008,RT-995b28e068,13.19,505.0,0,581.39,0.19,Low Risk
SHP-01065,20260413,VEND-005,RT-34f3346000,12.33,570.2,0,589.4,0.58,High Risk
SHP-01066,20260413,VEND-013,RT-fdc2914740,9.36,741.2,0,986.38,0.21,Medium Risk
SHP-01067,20260413,VEND-025,RT-bc511b7a16,16.35,1270.4,0,3013.96,0.19,Low Risk
SHP-01068,20260413,VEND-015,RT-5ebf9a16c2,13.48,1058.4,0,2025.51,0.41,Medium Risk
SHP-01069,20260414,VEND-019,RT-7370e012e7,4.1,1087.0,0,596.54,0.03,Low Risk
SHP-01070,20260414,VEND-013,RT-bff586781a,21.86,254.6,0,773.13,0.1,Low Risk
SHP-01071,20260414,VEND-001,RT-efc327caf6,9.62,394.4,0,321.86,0.1,Low Risk
SHP-01072,20260414,VEND-003,RT-2f22e0939b,11.38,526.6,0,495.59,0.01,Low Risk
SHP-01073,20260415,VEND-007,RT-481d18ea35,5.94,932.3,0,189.72,0.1,Low Risk
SHP-01074,20260415,VEND-007,RT-6038ea1bc4,14.28,527.3,0,1060.6,0.21,Medium Risk
SHP-01075,20260415,VEND-022,RT-593945cd23,17.85,361.9,4,1043.63,0.34,Medium Risk
SHP-01076,20260415,VEND-022,RT-e55288848b,22.15,239.6,0,691.46,0.23,Medium Risk
SHP-01077,20260415,VEND-022,RT-c867cd2e41,2.24,1098.7,0,208.36,0.24,Medium Risk
SHP-01078,20260415,VEND-016,RT-5d86053292,24.36,1247.2,2,4520.54,0.63,High Risk
SHP-01079,20260416,VEND-014,RT-1923da80ff,17.89,753.6,0,1748.6,0.03,Low Risk
SHP-01080,20260416,VEND-017,RT-3afc1530c5,7.82,1352.6,0,1512.02,0.23,Medium Risk
SHP-01081,20260416,VEND-011,RT-abe7261dd9,5.91,766.8,0,641.4,0.25,Medium Risk
SHP-01082,20260416,VEND-017,RT-e9f6f8483b,8.11,421.1,0,283.37,0.22,Medium Risk
SHP-01083,20260417,VEND-020,RT-426a003636,22.02,305.5,0,248.07,0.06,Low Risk
SHP-01084,20260417,VEND-020,RT-40979860ee,7.99,723.0,0,200.71,0.08,Low Risk
SHP-01085,20260417,VEND-016,RT-dc71c992d1,12.11,895.7,0,1704.19,0.47,Medium Risk
SHP-01086,20260417,VEND-002,RT-282b734f88,17.94,576.4,0,824.96,0.1,Low Risk
SHP-01087,20260418,VEND-019,RT-41f92756d3,21.93,634.2,0,2031.78,0.13,Low Risk
SHP-01088,20260418,VEND-010,RT-6c0665e223,16.81,755.0,1,494.85,0.21,Medium Risk
SHP-01089,20260418,VEND-019,RT-fd6ebd8670,19.07,719.5,0,2026.06,0.11,Low Risk
SHP-01090,20260419,VEND-014,RT-2aa40a80d1,5.16,596.5,0,458.82,0.14,Low Risk
SHP-01091,20260419,VEND-023,RT-432ea48708,22.06,743.8,0,583.03,0.12,Low Risk
SHP-01092,20260419,VEND-009,RT-4640a6949a,7.62,1086.6,2,1093.0,0.75,High Risk
SHP-01093,20260419,VEND-024,RT-a47602c96f,4.08,496.8,0,300.67,0.12,Low Risk
SHP-01094,20260420,VEND-022,RT-f302bc37a3,24.43,277.5,0,971.67,0.18,Low Risk
SHP-01095,20260420,VEND-009,RT-b57f7def39,5.84,902.8,0,416.04,0.12,Low Risk
SHP-01096,20260420,VEND-013,RT-e1d8d3f529,4.28,619.7,0,220.34,0.05,Low Risk
SHP-01097,20260420,VEND-014,RT-188de0b51f,16.02,701.4,0,1427.11,0.03,Low Risk
SHP-01098,20260421,VEND-020,RT-14c20ef145,8.65,479.0,0,619.49,0.25,Medium Risk
SHP-01099,20260421,VEND-018,RT-651639cfe3,4.2,525.3,1,300.29,0.76,High Risk
SHP-01100,20260421,VEND-022,RT-946062dcbc,15.43,612.6,0,1249.12,0.17,Low Risk
SHP-01101,20260421,VEND-010,RT-db3e5109b6,19.22,604.9,0,439.66,0.47,Medium Risk
SHP-01102,20260421,VEND-013,RT-f4dfca5d76,20.04,1430.5,0,3672.69,0.08,Low Risk
SHP-01103,20260422,VEND-011,RT-6c0648981d,4.73,460.3,2,324.03,0.4,Medium Risk
SHP-01104,20260423,VEND-023,RT-3729ca84b0,14.36,893.7,0,1679.85,0.0,Low Risk
SHP-01105,20260423,VEND-008,RT-7e90261736,20.53,47.7,0,130.86,0.0,Low Risk
SHP-01106,20260423,VEND-015,RT-a67b6ad774,4.87,627.0,0,108.28,0.16,Low Risk
SHP-01107,20260423,VEND-004,RT-75124a7cc2,5.98,283.2,0,134.7,0.04,Low Risk
SHP-01108,20260423,VEND-022,RT-4ac4602f90,1.06,1380.0,0,55.86,0.4,Medium Risk
SHP-01109,20260424,VEND-010,RT-07135c668f,13.59,416.0,0,500.89,0.24,Medium Risk
SHP-01110,20260424,VEND-009,RT-79d96b20b0,5.67,246.3,0,50.34,0.16,Low Risk
SHP-01111,20260424,VEND-015,RT-0b059b3a5d,18.38,1234.2,0,3070.53,0.37,Medium Risk
SHP-01112,20260424,VEND-013,RT-fe09857716,24.09,237.5,0,847.64,0.1,Low Risk
SHP-01113,20260425,VEND-022,RT-f44fd3c1b1,6.01,530.9,0,420.79,0.27,Medium Risk
SHP-01114,20260425,VEND-014,RT-63877a2f26,16.58,870.9,0,2014.91,0.11,Low Risk
SHP-01115,20260425,VEND-013,RT-d4482a6f03,6.08,559.5,0,134.92,0.17,Low Risk
SHP-01116,20260425,VEND-003,RT-faede84dad,1.43,510.2,0,62.66,0.13,Low Risk
SHP-01117,20260426,VEND-001,RT-acef5206f3,19.21,985.9,1,2552.66,0.05,Low Risk
SHP-01118,20260426,VEND-010,RT-f90d235891,11.42,234.8,0,97.38,0.15,Low Risk
SHP-01119,20260426,VEND-025,RT-bc535f60be,23.72,677.4,0,591.31,0.1,Low Risk
SHP-01120,20260426,VEND-023,RT-2132496bcd,13.82,1138.9,0,2242.61,0.13,Low Risk
SHP-01121,20260426,VEND-016,RT-cf68cb20eb,4.78,942.7,0,690.93,0.44,Medium Risk
SHP-01122,20260426,VEND-016,RT-528300c118,11.79,1340.3,1,2282.39,0.78,High Risk
SHP-01123,20260427,VEND-010,RT-599d502634,5.87,373.1,0,83.54,0.21,Medium Risk
SHP-01124,20260427,VEND-005,RT-3a1f22c08b,22.07,240.8,3,514.98,0.78,High Risk
SHP-01125,20260427,VEND-001,RT-cb46123dbb,17.58,1396.7,0,905.49,0.15,Low Risk
SHP-01126,20260427,VEND-009,RT-99d5063340,9.19,432.4,2,311.1,0.68,High Risk
SHP-01127,20260427,VEND-008,RT-a80a10c160,13.67,1091.7,0,2048.33,0.01,Low Risk
SHP-01128,20260428,VEND-005,RT-c407e77edf,17.07,161.9,0,355.84,0.46,Medium Risk
SHP-01129,20260428,VEND-007,RT-4063e2d975,19.79,1098.8,0,2778.16,0.03,Low Risk
SHP-01130,20260428,VEND-001,RT-483a971117,2.92,581.6,0,227.67,0.08,Low Risk
SHP-01131,20260428,VEND-016,RT-a3044adfe9,1.54,1174.4,0,149.87,0.2,Medium Risk
SHP-01132,20260429,VEND-024,RT-dea72e6616,3.75,610.4,0,313.49,0.12,Low Risk
SHP-01133,20260429,VEND-018,RT-5f92a67d69,10.48,695.4,2,1132.35,0.63,High Risk
SHP-01134,20260429,VEND-012,RT-37339c181f,12.2,642.8,0,704.14,0.12,Low Risk
SHP-01135,20260501,VEND-011,RT-00c0207aff,4.28,841.5,1,131.67,0.27,Medium Risk
SHP-01136,20260501,VEND-008,RT-96024a82c2,10.87,913.2,0,1352.44,0.01,Low Risk
SHP-01137,20260501,VEND-004,RT-c72225f91e,11.6,780.0,0,377.42,0.14,Low Risk
SHP-01138,20260501,VEND-015,RT-24c697d74c,3.62,1251.3,0,630.28,0.19,Low Risk
SHP-01139,20260502,VEND-015,RT-3cb24e6f53,23.0,819.4,0,2496.87,0.13,Low Risk
SHP-01140,20260503,VEND-001,RT-d804e7b4a4,15.38,810.9,0,448.01,0.13,Low Risk
SHP-01141,20260503,VEND-011,RT-d10228d14c,10.32,607.4,0,787.17,0.14,Low Risk
SHP-01142,20260504,VEND-007,RT-995fe9177a,13.17,405.0,0,793.68,0.14,Low Risk
SHP-01143,20260504,VEND-005,RT-628fd211f3,8.54,651.5,0,736.59,0.69,High Risk
SHP-01144,20260504,VEND-018,RT-f302bc37a3,21.5,284.2,0,826.19,0.35,Medium Risk
SHP-01145,20260504,VEND-014,RT-951e5184b1,14.8,360.8,0,778.44,0.23,Medium Risk
SHP-01146,20260505,VEND-016,RT-a8714a662a,12.88,127.5,0,136.38,0.23,Medium Risk
SHP-01147,20260505,VEND-018,RT-56bd84ebd8,22.86,321.3,2,1049.54,0.52,High Risk
SHP-01148,20260505,VEND-025,RT-e27fe990b3,21.11,1000.9,0,2821.4,0.04,Low Risk
SHP-01149,20260506,VEND-021,RT-39575cc5d7,20.51,249.0,0,718.61,0.08,Low Risk
SHP-01150,20260506,VEND-016,RT-1f3f52f250,6.41,1581.2,0,1436.57,0.73,High Risk
SHP-01151,20260506,VEND-022,RT-2946e30355,4.67,633.1,0,117.98,0.36,Medium Risk
SHP-01152,20260506,VEND-012,RT-522d9dbeaa,17.56,1037.5,0,708.81,0.14,Low Risk
SHP-01153,20260506,VEND-025,RT-9c285fa098,12.25,884.7,0,916.45,0.26,Medium Risk
SHP-01154,20260506,VEND-020,RT-4c92f6d78d,17.41,315.0,0,737.75,0.05,Low Risk
SHP-01155,20260506,VEND-017,RT-cbebd9908c,19.26,240.7,0,162.71,0.17,Low Risk
SHP-01156,20260506,VEND-023,RT-4ac6e78aeb,8.09,742.3,0,812.59,0.11,Low Risk
SHP-01157,20260507,VEND-013,RT-e51724eeab,7.83,876.0,0,266.62,0.14,Low Risk
SHP-01158,20260507,VEND-019,RT-14155fe15d,12.78,1033.3,0,1816.25,0.01,Low Risk
SHP-01159,20260507,VEND-008,RT-c7d3baf56f,7.57,799.3,0,239.4,0.15,Low Risk
SHP-01160,20260507,VEND-025,RT-19077a77ed,17.02,224.8,0,545.37,0.45,Medium Risk
SHP-01161,20260508,VEND-016,RT-a2df5b4b4d,18.92,624.1,4,1617.1,0.66,High Risk
SHP-01162,20260508,VEND-020,RT-82c3758918,12.33,563.8,0,1041.14,0.26,Medium Risk
SHP-01163,20260508,VEND-012,RT-0ab871a3fd,18.37,463.4,0,315.02,0.1,Low Risk
SHP-01164,20260509,VEND-022,RT-b03f32d39f,13.25,202.3,0,96.29,0.14,Low Risk
SHP-01165,20260509,VEND-002,RT-b23396f90d,18.11,455.6,0,1234.54,0.28,Medium Risk
SHP-01166,20260509,VEND-003,RT-af185084ef,6.4,606.8,0,350.75,0.08,Low Risk
SHP-01167,20260510,VEND-013,RT-bd9093e5d3,18.73,957.7,0,2461.29,0.01,Low Risk
SHP-01168,20260510,VEND-019,RT-68b4c18634,18.16,915.0,0,2402.88,0.11,Low Risk
SHP-01169,20260510,VEND-021,RT-06bb351e3c,7.4,1030.8,0,659.11,0.04,Low Risk
SHP-01170,20260510,VEND-012,RT-54100af7b4,14.34,585.2,0,319.55,0.19,Low Risk
SHP-01171,20260510,VEND-017,RT-fcc6b442f0,21.53,424.1,0,1193.73,0.14,Low Risk
SHP-01172,20260511,VEND-014,RT-00b10c8d89,6.99,317.0,0,313.95,0.12,Low Risk
SHP-01173,20260511,VEND-025,RT-6f82a2c186,18.66,157.6,0,433.75,0.44,Medium Risk
SHP-01174,20260511,VEND-017,RT-dd8fafb807,23.9,1095.9,0,3721.05,0.16,Low Risk
SHP-01175,20260512,VEND-011,RT-946c0ba65f,21.79,636.8,0,1898.46,0.13,Low Risk
SHP-01176,20260512,VEND-025,RT-6a6d7255a6,10.64,361.6,0,324.6,0.31,Medium Risk
SHP-01177,20260512,VEND-003,RT-1a1cf57f2c,15.57,441.0,0,603.14,0.13,Low Risk
SHP-01178,20260512,VEND-025,RT-a6794fcaae,24.8,275.4,0,1034.13,0.4,Medium Risk
SHP-01179,20260512,VEND-004,RT-977d8b5b0a,14.64,293.2,0,597.73,0.08,Low Risk
SHP-01180,20260513,VEND-008,RT-c36644b380,3.76,360.0,1,193.9,0.08,Low Risk
SHP-01181,20260513,VEND-021,RT-fb70b16aa6,2.09,546.9,0,102.01,0.12,Low Risk
SHP-01182,20260514,VEND-019,RT-7809805ea1,19.97,480.1,0,1315.05,0.08,Low Risk
SHP-01183,20260514,VEND-025,RT-4f5a445b61,11.17,727.7,0,285.85,0.28,Medium Risk
SHP-01184,20260514,VEND-019,RT-c7e077cb20,6.92,1321.7,0,1259.34,0.05,Low Risk
SHP-01185,20260514,VEND-016,RT-c855c39d1e,9.34,341.9,0,260.34,0.32,Medium Risk
SHP-01186,20260514,VEND-009,RT-36928e2814,19.18,1272.8,2,3147.31,0.38,Medium Risk
SHP-01187,20260515,VEND-001,RT-960e12bbff,12.17,498.1,0,780.69,0.06,Low Risk
SHP-01188,20260515,VEND-004,RT-b58a335efb,21.84,1405.0,0,3714.67,0.15,Low Risk
SHP-01189,20260516,VEND-008,RT-4c3a498ac2,18.64,535.6,0,1331.05,0.15,Low Risk
SHP-01190,20260516,VEND-002,RT-ee8be72d66,24.38,434.9,4,1445.04,0.2,Medium Risk
SHP-01191,20260516,VEND-013,RT-2940b0f930,22.32,329.4,0,957.7,0.0,Low Risk
SHP-01192,20260516,VEND-020,RT-c4d4b421d8,7.11,596.4,0,576.06,0.17,Low Risk
SHP-01193,20260517,VEND-025,RT-bd757dce10,16.82,980.2,0,670.15,0.16,Low Risk
SHP-01194,20260517,VEND-013,RT-ff66a10041,1.49,1642.3,0,201.59,0.19,Low Risk
SHP-01195,20260518,VEND-022,RT-93254bdd12,24.79,425.8,0,1533.47,0.42,Medium Risk
SHP-01196,20260518,VEND-025,RT-dc2a7987ec,7.26,411.7,0,418.56,0.08,Low Risk
SHP-01197,20260519,VEND-022,RT-0713849654,16.96,1268.9,0,2994.21,0.2,Medium Risk
SHP-01198,20260519,VEND-012,RT-14a8dc7b67,21.38,1153.0,0,3386.69,0.02,Low Risk
SHP-01199,20260520,VEND-009,RT-47014d5347,4.85,639.4,0,254.22,0.08,Low Risk
SHP-01200,20260520,VEND-025,RT-debad9fdc2,21.35,1591.3,0,4970.97,0.37,Medium Risk
SHP-01201,20260520,VEND-007,RT-b4e0c7b28d,1.29,960.8,0,105.21,0.19,Low Risk
SHP-01202,20260520,VEND-011,RT-65a3fe1279,11.61,277.4,0,278.05,0.1,Low Risk
SHP-01203,20260521,VEND-002,RT-f63ee76d27,12.33,228.1,0,271.83,0.32,Medium Risk
SHP-01204,20260521,VEND-020,RT-1673b3ceaa,9.98,1175.8,0,1605.21,0.18,Low Risk
SHP-01205,20260521,VEND-017,RT-e6d5100b0e,15.07,442.2,0,247.27,0.41,Medium Risk
SHP-01206,20260521,VEND-003,RT-65ccf4e644,22.96,424.9,0,1498.49,0.13,Low Risk
SHP-01207,20260522,VEND-006,RT-461f0f56f6,8.85,208.5,0,250.0,0.12,Low Risk
SHP-01208,20260522,VEND-014,RT-1426de4eda,14.9,1157.6,0,696.66,0.23,Medium Risk
SHP-01209,20260522,VEND-014,RT-27776961e9,22.06,724.6,0,2272.48,0.13,Low Risk
SHP-01210,20260522,VEND-021,RT-ab8f3befd5,19.55,436.5,0,1338.85,0.2,Medium Risk
SHP-01211,20260522,VEND-007,RT-71544f4bbc,1.98,472.7,0,124.06,0.18,Low Risk
SHP-01212,20260522,VEND-024,RT-28f054ef17,23.63,235.1,2,869.28,0.28,Medium Risk
SHP-01213,20260523,VEND-012,RT-cccaefbd85,2.12,853.0,0,149.12,0.12,Low Risk
SHP-01214,20260523,VEND-021,RT-d56d780ba0,15.13,1325.0,0,702.28,0.13,Low Risk
SHP-01215,20260523,VEND-006,RT-847df43e7c,14.81,981.9,0,2123.5,0.1,Low Risk
SHP-01216,20260524,VEND-001,RT-9e28ece5fe,19.87,573.0,0,1648.45,0.08,Low Risk
SHP-01217,20260524,VEND-002,RT-8c37a391d7,4.56,752.0,1,507.58,0.21,Medium Risk
SHP-01218,20260524,VEND-010,RT-eaa2110f44,5.3,1509.6,1,1161.09,0.27,Medium Risk
SHP-01219,20260525,VEND-024,RT-4c171471aa,19.05,628.5,0,1516.41,0.05,Low Risk
SHP-01220,20260525,VEND-002,RT-5097417994,4.59,325.7,2,134.81,0.22,Medium Risk
SHP-01221,20260525,VEND-010,RT-84a62bbcb0,12.27,990.5,0,440.46,0.16,Low Risk
SHP-01222,20260525,VEND-003,RT-37e0e1c3a6,18.56,740.8,0,1200.12,0.2,Medium Risk
SHP-01223,20260526,VEND-024,RT-cc120b30bf,16.63,596.5,0,863.81,0.19,Low Risk
SHP-01224,20260526,VEND-017,RT-5de0bc362f,6.05,1571.3,0,1308.9,0.32,Medium Risk
SHP-01225,20260526,VEND-020,RT-09f01f1c7e,8.3,951.4,2,300.05,0.14,Low Risk
SHP-01226,20260526,VEND-018,RT-1179347de5,24.26,494.9,1,1797.05,0.77,High Risk
SHP-01227,20260526,VEND-017,RT-6a1047d9f8,11.77,649.6,0,658.99,0.22,Medium Risk
SHP-01228,20260527,VEND-020,RT-7772c10d70,2.07,309.5,2,28.75,0.62,High Risk
SHP-01229,20260527,VEND-001,RT-57b6add233,6.27,793.0,0,463.27,0.18,Low Risk
SHP-01230,20260527,VEND-022,RT-b79d63624f,9.22,335.1,0,104.11,0.16,Low Risk
SHP-01231,20260528,VEND-019,RT-a71342a676,24.99,1139.8,0,3915.92,0.12,Low Risk
SHP-01232,20260528,VEND-019,RT-9362d19bb0,8.26,398.2,0,272.55,0.03,Low Risk
SHP-01233,20260528,VEND-010,RT-f13e116749,1.63,378.2,0,61.22,0.28,Medium Risk
SHP-01234,20260529,VEND-021,RT-b5077168af,13.31,1549.1,0,2856.84,0.16,Low Risk
SHP-01235,20260529,VEND-010,RT-d39da0d730,3.01,349.5,0,42.28,0.47,Medium Risk
SHP-01236,20260530,VEND-002,RT-ff124d50e8,7.58,437.3,0,292.06,0.5,High Risk
SHP-01237,20260530,VEND-023,RT-0a62b6b5c7,24.82,1036.7,0,3279.08,0.05,Low Risk
SHP-01238,20260530,VEND-006,RT-c930d10a62,17.91,1169.8,0,798.86,0.13,Low Risk
SHP-01239,20260531,VEND-003,RT-55ffe48d2f,2.22,857.4,0,68.01,0.1,Low Risk
SHP-01240,20260531,VEND-016,RT-7cfbfd8b19,11.77,589.8,0,642.74,0.63,High Risk
SHP-01241,20260531,VEND-006,RT-10251958e5,5.12,230.3,0,109.62,0.06,Low Risk
SHP-01242,20260531,VEND-022,RT-df0bac24cb,3.95,797.7,0,422.39,0.21,Medium Risk
SHP-01243,20260531,VEND-012,RT-f2019f047e,15.09,824.6,0,1755.54,0.18,Low Risk
SHP-01244,20260601,VEND-001,RT-a5c9773ea8,13.14,769.3,0,382.36,0.16,Low Risk
SHP-01245,20260601,VEND-024,RT-d980250d20,18.83,234.8,0,660.14,0.17,Low Risk
SHP-01246,20260601,VEND-013,RT-e431f5719d,22.42,1184.8,2,3701.38,0.13,Low Risk
SHP-01247,20260601,VEND-007,RT-231bf560b1,6.92,533.1,0,271.0,0.02,Low Risk
SHP-01248,20260601,VEND-017,RT-6ad88f95f5,23.15,830.0,1,2848.0,0.76,High Risk
SHP-01249,20260601,VEND-014,RT-ad1ae220c7,13.43,1128.8,0,1926.12,0.0,Low Risk
SHP-01250,20260601,VEND-001,RT-69e8489ef1,7.21,632.0,0,390.43,0.05,Low Risk
SHP-01251,20260602,VEND-019,RT-033c887b58,21.3,958.5,0,3011.78,0.06,Low Risk
SHP-01252,20260603,VEND-011,RT-b4a2a61d5a,1.85,1161.0,1,199.87,0.39,Medium Risk
SHP-01253,20260603,VEND-018,RT-e9782f3ffa,14.43,989.1,1,2039.43,0.56,High Risk
SHP-01254,20260603,VEND-023,RT-00eae0fe16,18.32,1087.4,0,2801.87,0.02,Low Risk
SHP-01255,20260603,VEND-016,RT-83ead4dbc0,7.72,905.1,0,610.32,0.24,Medium Risk
SHP-01256,20260604,VEND-017,RT-51fc6badae,21.72,476.7,0,1452.33,0.18,Low Risk
SHP-01257,20260604,VEND-007,RT-d644194dbc,6.77,407.0,0,243.68,0.04,Low Risk
SHP-01258,20260604,VEND-006,RT-951e5184b1,21.16,374.6,0,1140.89,0.09,Low Risk
SHP-01259,20260604,VEND-011,RT-3cf21e077d,2.89,215.7,0,23.31,0.18,Low Risk
SHP-01260,20260605,VEND-022,RT-3b3bb9ff11,4.84,872.5,0,367.29,0.1,Low Risk
SHP-01261,20260605,VEND-014,RT-41b843d8ab,10.14,156.9,0,230.56,0.09,Low Risk
SHP-01262,20260605,VEND-009,RT-0a1d10704d,21.5,962.1,0,752.22,0.13,Low Risk
SHP-01263,20260605,VEND-020,RT-93a2dc6c8f,4.47,308.0,0,112.26,0.13,Low Risk
SHP-01264,20260605,VEND-022,RT-951e5184b1,22.01,376.2,0,1227.36,0.25,Medium Risk
SHP-01265,20260606,VEND-023,RT-4c8183622a,6.51,802.9,0,637.07,0.02,Low Risk
SHP-01266,20260606,VEND-008,RT-9457fb5367,11.86,651.4,0,1039.86,0.11,Low Risk
SHP-01267,20260607,VEND-018,RT-4c92f6d78d,9.47,299.7,0,390.88,0.57,High Risk
SHP-01268,20260607,VEND-015,RT-15ffb89306,3.84,224.3,0,73.92,0.19,Low Risk
SHP-01269,20260607,VEND-012,RT-93b87199b8,23.66,618.2,0,529.94,0.11,Low Risk
SHP-01270,20260607,VEND-010,RT-86e287228b,11.52,527.0,0,213.17,0.2,Medium Risk
SHP-01271,20260607,VEND-003,RT-9e2a63439d,17.57,412.5,0,260.22,0.09,Low Risk
SHP-01272,20260607,VEND-007,RT-a8d3853496,14.81,46.9,0,29.44,0.24,Medium Risk
SHP-01273,20260608,VEND-014,RT-01c17bb0db,13.04,104.7,0,206.48,0.06,Low Risk
SHP-01274,20260608,VEND-023,RT-0568858818,15.8,480.2,0,1056.03,0.06,Low Risk
SHP-01275,20260609,VEND-022,RT-3ffaf73168,22.56,300.2,0,938.56,0.25,Medium Risk
SHP-01276,20260610,VEND-005,RT-df9a53c611,17.78,734.2,0,1109.16,0.65,High Risk
SHP-01277,20260610,VEND-017,RT-97a4dcc394,13.78,313.2,0,600.29,0.16,Low Risk
SHP-01278,20260610,VEND-003,RT-8017187ec8,16.48,309.6,0,754.75,0.1,Low Risk
SHP-01279,20260611,VEND-017,RT-08bcbd4596,15.55,896.8,0,1819.68,0.11,Low Risk
SHP-01280,20260611,VEND-009,RT-b577cb02b7,11.39,351.2,0,152.54,0.45,Medium Risk
SHP-01281,20260612,VEND-012,RT-28e4da7991,15.99,133.2,0,276.92,0.03,Low Risk
SHP-01282,20260612,VEND-018,RT-01179bfb6f,11.65,327.9,0,137.76,0.15,Low Risk
SHP-01283,20260613,VEND-011,RT-6c6c6675de,19.18,145.4,0,389.45,0.19,Low Risk
SHP-01284,20260613,VEND-021,RT-56d0eae314,24.25,330.9,0,265.86,0.11,Low Risk
SHP-01285,20260613,VEND-014,RT-d41cc02734,24.04,664.1,0,2335.28,0.13,Low Risk
SHP-01286,20260614,VEND-025,RT-dd8fafb807,20.7,1112.4,0,2974.65,0.07,Low Risk
SHP-01287,20260614,VEND-016,RT-8a2580f8f9,15.44,1215.4,0,2648.85,0.53,High Risk
SHP-01288,20260615,VEND-008,RT-6c9c9cbd78,18.98,1118.1,0,2784.11,0.04,Low Risk
SHP-01289,20260615,VEND-020,RT-1e191121fe,5.27,355.7,0,157.9,0.05,Low Risk
SHP-01290,20260615,VEND-011,RT-f5728cdc01,12.5,882.1,0,1484.23,0.11,Low Risk
SHP-01291,20260615,VEND-014,RT-217940d572,7.18,164.2,0,109.3,0.11,Low Risk
SHP-01292,20260616,VEND-004,RT-08dc21fd9c,1.08,1621.0,0,254.75,0.12,Low Risk
SHP-01293,20260616,VEND-003,RT-647268deea,24.2,1052.2,0,3459.28,0.1,Low Risk
SHP-01294,20260617,VEND-015,RT-99094c07ca,21.73,1176.8,0,3680.84,0.25,Medium Risk
SHP-01295,20260617,VEND-005,RT-6978ba7e01,13.33,1361.6,1,2441.15,0.51,High Risk
SHP-01296,20260617,VEND-025,RT-764b938ef3,7.1,838.3,0,819.43,0.11,Low Risk
SHP-01297,20260617,VEND-022,RT-3e2fc36ffb,17.63,1433.0,0,3460.0,0.22,Medium Risk
SHP-01298,20260618,VEND-018,RT-c75d60167b,11.44,121.2,0,51.24,0.16,Low Risk
SHP-01299,20260618,VEND-019,RT-a9c48ea86d,20.28,213.9,0,606.37,0.04,Low Risk
SHP-01300,20260618,VEND-015,RT-8a9d9e8ee6,24.99,959.1,0,3132.56,0.2,Medium Risk
SHP-01301,20260618,VEND-002,RT-16bae0430f,9.38,1404.6,0,1775.49,0.24,Medium Risk
SHP-01302,20260618,VEND-010,RT-088211b8dd,6.87,288.1,0,163.35,0.13,Low Risk
SHP-01303,20260618,VEND-013,RT-9e28ece5fe,7.42,597.0,0,632.39,0.18,Low Risk
SHP-01304,20260618,VEND-023,RT-f6c4031ff6,3.24,569.9,0,65.91,0.11,Low Risk
SHP-01305,20260618,VEND-006,RT-c36644b380,10.46,370.0,0,507.71,0.09,Low Risk
SHP-01306,20260619,VEND-013,RT-003db808a0,1.42,152.2,0,40.07,0.19,Low Risk
SHP-01307,20260619,VEND-009,RT-cb92e418c3,3.75,754.2,0,378.67,0.18,Low Risk
SHP-01308,20260620,VEND-004,RT-08dc21fd9c,7.52,1501.0,0,1493.48,0.11,Low Risk
SHP-01309,20260621,VEND-003,RT-af472e59f9,4.84,1138.7,0,722.86,0.07,Low Risk
SHP-01310,20260621,VEND-010,RT-d8c9f69096,18.57,472.3,2,336.75,0.23,Medium Risk
SHP-01311,20260621,VEND-003,RT-b53fe12b05,3.53,1141.0,0,332.61,0.1,Low Risk
SHP-01312,20260622,VEND-002,RT-c158863c9a,21.78,992.7,0,3139.36,0.27,Medium Risk
SHP-01313,20260622,VEND-009,RT-f56049e26b,6.31,637.1,0,537.26,0.76,High Risk
SHP-01314,20260622,VEND-006,RT-651639cfe3,3.61,538.2,0,272.11,0.18,Low Risk
SHP-01315,20260622,VEND-014,RT-9972648b45,1.24,743.2,0,136.45,0.11,Low Risk
SHP-01316,20260622,VEND-001,RT-d35c0ebe74,18.16,428.8,0,274.98,0.12,Low Risk
SHP-01317,20260622,VEND-008,RT-22838e7c3e,7.16,866.9,0,537.22,0.15,Low Risk
SHP-01318,20260622,VEND-012,RT-b601de6684,13.23,1384.2,0,2484.69,0.06,Low Risk
SHP-01319,20260622,VEND-025,RT-76f48a05e6,3.68,655.5,0,321.66,0.13,Low Risk
SHP-01320,20260623,VEND-016,RT-f5abddb5ba,24.65,396.2,0,1374.79,0.19,Low Risk
SHP-01321,20260623,VEND-023,RT-259204108a,4.01,423.1,0,249.25,0.17,Low Risk
SHP-01322,20260623,VEND-009,RT-540d08b218,10.89,594.6,0,226.61,0.15,Low Risk
SHP-01323,20260623,VEND-012,RT-2de46e301e,21.44,1258.1,0,2225.23,0.1,Low Risk
SHP-01324,20260624,VEND-011,RT-48dd811611,6.88,775.3,0,752.09,0.11,Low Risk
SHP-01325,20260624,VEND-023,RT-9cdd291076,7.41,860.3,0,865.34,0.06,Low Risk
SHP-01326,20260624,VEND-024,RT-0fca53dae8,20.4,454.6,0,360.04,0.36,Medium Risk
SHP-01327,20260624,VEND-025,RT-e4e3bff8ec,7.56,834.6,0,527.55,0.05,Low Risk
SHP-01328,20260624,VEND-019,RT-34f3346000,1.07,579.1,0,56.5,0.09,Low Risk
SHP-01329,20260624,VEND-013,RT-9f57bfb3f2,11.27,1017.1,0,411.64,0.09,Low Risk
SHP-01330,20260624,VEND-014,RT-a2b5cc0356,1.3,1357.1,0,254.19,0.11,Low Risk
SHP-01331,20260624,VEND-025,RT-0c0ec5e556,22.84,391.8,0,1161.85,0.04,Low Risk
SHP-01332,20260625,VEND-008,RT-78040e4d8f,16.4,907.5,0,2246.09,0.48,Medium Risk
SHP-01333,20260625,VEND-009,RT-13cdaa592c,14.99,325.4,0,171.91,0.16,Low Risk
SHP-01334,20260625,VEND-023,RT-8c140705ff,5.84,1455.0,0,1093.46,0.09,Low Risk
SHP-01335,20260625,VEND-010,RT-1f8f2bb12a,17.8,314.4,0,225.17,0.25,Medium Risk
SHP-01336,20260625,VEND-006,RT-5f7331a53b,17.25,1730.0,0,3862.55,0.12,Low Risk
SHP-01337,20260625,VEND-015,RT-f48603a85f,2.45,627.4,0,214.63,0.18,Low Risk
SHP-01338,20260625,VEND-009,RT-a6ae85b830,22.14,45.0,0,135.71,0.28,Medium Risk
SHP-01339,20260626,VEND-023,RT-f90ff227ca,14.91,1213.6,1,2586.93,0.11,Low Risk
SHP-01340,20260626,VEND-023,RT-7cbbdcddb9,20.02,212.9,0,627.76,0.1,Low Risk
SHP-01341,20260626,VEND-008,RT-bc199304af,7.31,385.0,0,251.4,0.19,Low Risk
SHP-01342,20260626,VEND-014,RT-3a182f830d,3.93,601.2,0,334.37,0.11,Low Risk
SHP-01343,20260626,VEND-025,RT-7cbf099644,17.86,267.6,1,172.36,0.2,Medium Risk
SHP-01344,20260626,VEND-019,RT-3475572a8d,20.05,330.6,0,945.83,0.04,Low Risk
SHP-01345,20260626,VEND-006,RT-6aaead2aa2,10.26,576.4,0,782.58,0.04,Low Risk
SHP-01346,20260627,VEND-015,RT-cee94b3f72,1.57,340.4,0,80.19,0.18,Low Risk
SHP-01347,20260627,VEND-016,RT-a84323033b,20.64,1254.5,0,3468.08,0.28,Medium Risk
SHP-01348,20260627,VEND-017,RT-3fbdd82bfd,5.95,1183.8,0,600.76,0.16,Low Risk
SHP-01349,20260628,VEND-001,RT-495011deda,9.14,1534.8,0,1813.99,0.1,Low Risk
SHP-01350,20260628,VEND-008,RT-5abe5b9f02,16.08,767.3,1,1635.65,0.02,Low Risk
SHP-01351,20260628,VEND-022,RT-20ee41a28e,3.4,1035.0,0,504.89,0.17,Low Risk
SHP-01352,20260628,VEND-007,RT-48e28f6ca1,2.73,738.9,0,292.58,0.13,Low Risk
SHP-01353,20260628,VEND-008,RT-c21956a0a9,1.62,122.9,0,35.82,0.12,Low Risk
SHP-01354,20260629,VEND-009,RT-08fcdc4b94,23.0,738.8,0,1302.06,0.11,Low Risk
SHP-01355,20260629,VEND-005,RT-91e664e13d,8.47,899.6,0,988.43,0.56,High Risk
SHP-01356,20260629,VEND-004,RT-9d709cacba,16.86,1235.6,0,2796.7,0.07,Low Risk
SHP-01357,20260629,VEND-009,RT-2171f6b5c4,24.74,1093.4,1,924.98,0.18,Low Risk
SHP-01358,20260630,VEND-022,RT-16e571b8be,17.07,838.1,0,533.01,0.11,Low Risk
SHP-01359,20260630,VEND-001,RT-a2b5cc0356,13.6,1311.8,0,2662.7,0.23,Medium Risk
SHP-01360,20260701,VEND-008,RT-4364415d1c,13.5,601.7,0,1114.66,0.02,Low Risk
SHP-01361,20260701,VEND-002,RT-845618082b,10.05,681.5,0,566.57,0.07,Low Risk
SHP-01362,20260702,VEND-015,RT-3fa65eb4ee,15.39,1111.0,2,2386.01,0.19,Low Risk
SHP-01363,20260702,VEND-007,RT-c158863c9a,24.01,1036.3,0,3389.3,0.17,Low Risk
SHP-01364,20260703,VEND-020,RT-470faaabd9,19.91,1556.8,0,1135.09,0.14,Low Risk
SHP-01365,20260703,VEND-015,RT-a3e94724e7,11.18,417.1,0,157.3,0.16,Low Risk
SHP-01366,20260703,VEND-020,RT-9362d19bb0,8.98,420.5,0,320.64,0.1,Low Risk
SHP-01367,20260703,VEND-016,RT-831554929d,22.2,568.2,0,1800.61,0.3,Medium Risk
SHP-01368,20260703,VEND-011,RT-df562bfc47,4.26,306.3,0,108.14,0.17,Low Risk
SHP-01369,20260703,VEND-022,RT-a46724e632,21.39,734.0,0,2283.83,0.3,Medium Risk
SHP-01370,20260704,VEND-012,RT-2f67967430,7.12,876.5,1,561.31,0.07,Low Risk
SHP-01371,20260704,VEND-024,RT-d3dae2916b,18.18,126.0,0,193.56,0.06,Low Risk
SHP-01372,20260704,VEND-025,RT-a139529f07,20.35,221.2,0,618.56,0.01,Low Risk
SHP-01373,20260704,VEND-015,RT-92623cd039,12.45,1087.2,0,2025.56,0.23,Medium Risk
SHP-01374,20260705,VEND-017,RT-52a671aee5,5.61,556.0,0,264.91,0.11,Low Risk
SHP-01375,20260705,VEND-007,RT-cfe589284f,21.27,599.8,0,1106.79,0.17,Low Risk
SHP-01376,20260705,VEND-021,RT-c6f2ca1e1c,9.82,337.8,0,470.14,0.12,Low Risk
SHP-01377,20260705,VEND-017,RT-62c603c300,8.7,1000.5,0,684.17,0.14,Low Risk
SHP-01378,20260705,VEND-023,RT-55203c6a5f,13.24,1062.4,0,2047.17,0.08,Low Risk
SHP-01379,20260706,VEND-007,RT-3adf01d4cb,11.44,1239.9,1,2082.38,0.18,Low Risk
SHP-01380,20260706,VEND-020,RT-6e9b960a01,17.39,466.1,0,1076.74,0.08,Low Risk
SHP-01381,20260706,VEND-012,RT-6d57667582,4.29,303.8,0,115.88,0.06,Low Risk
SHP-01382,20260707,VEND-005,RT-d348f03fb7,11.46,1366.3,2,2123.57,0.56,High Risk
SHP-01383,20260707,VEND-005,RT-c4d4ab9466,22.4,554.2,0,1659.09,0.19,Low Risk
SHP-01384,20260707,VEND-015,RT-fa7666f7f9,1.87,632.4,2,183.05,0.3,Medium Risk
SHP-01385,20260707,VEND-008,RT-669162613a,11.98,859.7,0,833.01,0.07,Low Risk
SHP-01386,20260708,VEND-003,RT-2522d2ba4d,16.85,658.7,0,988.4,0.13,Low Risk
SHP-01387,20260708,VEND-011,RT-3318878ad9,22.31,296.6,1,816.6,0.11,Low Risk
SHP-01388,20260708,VEND-017,RT-91b348424c,15.25,1184.8,0,2472.15,0.21,Medium Risk
SHP-01389,20260709,VEND-008,RT-37f59d5282,20.79,1079.6,0,3319.33,0.14,Low Risk
SHP-01390,20260709,VEND-024,RT-dcaaf4a2ad,6.34,764.7,0,168.42,0.07,Low Risk
SHP-01391,20260710,VEND-020,RT-77fe3da414,9.47,1270.3,0,444.58,0.11,Low Risk
SHP-01392,20260710,VEND-013,RT-ef118edaff,23.61,512.0,0,1733.28,0.18,Low Risk
SHP-01393,20260710,VEND-024,RT-04f713fedc,22.26,842.9,0,2625.6,0.09,Low Risk
SHP-01394,20260710,VEND-011,RT-545216d625,14.39,1295.9,1,685.13,0.23,Medium Risk
SHP-01395,20260710,VEND-004,RT-81f5d62073,12.41,413.2,0,711.13,0.08,Low Risk
SHP-01396,20260710,VEND-001,RT-a88682802d,11.83,647.9,0,1053.73,0.14,Low Risk
SHP-01397,20260710,VEND-024,RT-1ba5cfe5f9,2.41,1180.4,0,402.26,0.11,Low Risk
SHP-01398,20260711,VEND-024,RT-7e300130e2,22.42,353.0,0,1068.56,0.1,Low Risk
SHP-01399,20260711,VEND-019,RT-befaa87d85,20.64,1082.3,0,3051.06,0.04,Low Risk
SHP-01400,20260711,VEND-003,RT-ee63e09465,11.95,343.2,0,559.88,0.04,Low Risk
SHP-01401,20260711,VEND-008,RT-6fc1347762,7.71,119.7,0,36.33,0.08,Low Risk
SHP-01402,20260711,VEND-002,RT-1a9c864357,9.23,551.2,0,671.26,0.18,Low Risk
SHP-01403,20260711,VEND-002,RT-6def8500f8,3.96,1227.3,0,397.24,0.11,Low Risk
SHP-01404,20260711,VEND-007,RT-19f83e0e31,18.32,222.3,0,514.81,0.02,Low Risk
SHP-01405,20260711,VEND-015,RT-9d709cacba,14.36,1221.5,0,2353.05,0.11,Low Risk
SHP-01406,20260711,VEND-002,RT-e831ac5d70,6.62,839.4,0,746.36,0.11,Low Risk
SHP-01407,20260712,VEND-025,RT-925e41b215,15.95,835.3,0,1685.57,0.03,Low Risk
SHP-01408,20260712,VEND-012,RT-9e3d881ef3,24.5,665.2,0,2320.96,0.1,Low Risk
SHP-01409,20260712,VEND-007,RT-999908a559,3.94,46.1,0,18.92,0.09,Low Risk
SHP-01410,20260712,VEND-013,RT-371cfe68b2,12.0,465.9,0,464.49,0.07,Low Risk
SHP-01411,20260712,VEND-020,RT-e663f5b799,12.86,378.9,0,669.7,0.15,Low Risk
SHP-01412,20260713,VEND-008,RT-64fe824941,5.0,807.8,0,339.25,0.05,Low Risk
SHP-01413,20260713,VEND-002,RT-430158ee46,13.76,1023.8,0,550.83,0.57,High Risk
SHP-01414,20260713,VEND-002,RT-0917102466,15.54,629.1,0,386.87,0.4,Medium Risk
SHP-01415,20260713,VEND-022,RT-ecba13aa63,4.78,588.4,0,236.78,0.1,Low Risk
SHP-01416,20260713,VEND-003,RT-94e8673041,4.71,580.3,0,100.84,0.11,Low Risk
SHP-01417,20260713,VEND-016,RT-749caac497,21.55,976.0,0,3204.04,0.5,High Risk
SHP-01418,20260714,VEND-010,RT-7df083c0d7,8.47,143.3,0,100.5,0.13,Low Risk
SHP-01419,20260714,VEND-020,RT-7fe4958865,16.13,770.7,0,418.34,0.09,Low Risk
SHP-01420,20260714,VEND-002,RT-f28dc045ce,16.04,325.2,3,702.73,0.67,High Risk
SHP-01421,20260714,VEND-023,RT-e3c6dbe9ec,21.14,79.7,0,222.0,0.07,Low Risk
SHP-01422,20260714,VEND-018,RT-c65a6229be,18.76,455.0,3,1214.16,0.69,High Risk
SHP-01423,20260714,VEND-012,RT-cbb1c87aac,21.17,678.0,0,520.37,0.07,Low Risk
SHP-01424,20260715,VEND-006,RT-b52cd53150,16.01,533.0,0,1185.82,0.07,Low Risk
SHP-01425,20260715,VEND-025,RT-b75e0fb8b6,11.79,574.8,0,977.06,0.21,Medium Risk
SHP-01426,20260715,VEND-008,RT-e11e5904ea,10.45,565.2,0,827.27,0.09,Low Risk
SHP-01427,20260715,VEND-013,RT-1eea17ef0b,10.1,579.3,0,491.62,0.05,Low Risk
SHP-01428,20260715,VEND-010,RT-e5b3697359,11.04,860.3,0,1243.21,0.1,Low Risk
SHP-01429,20260715,VEND-006,RT-fd36e00fd4,4.1,516.3,0,177.16,0.09,Low Risk
SHP-01430,20260716,VEND-011,RT-9158630505,11.18,160.2,0,158.18,0.13,Low Risk
SHP-01431,20260716,VEND-004,RT-8c60b8cf7f,10.35,1133.8,0,899.47,0.1,Low Risk
SHP-01432,20260717,VEND-001,RT-bc4133b463,1.83,663.0,0,105.04,0.13,Low Risk
SHP-01433,20260717,VEND-008,RT-946c0ba65f,7.6,598.0,0,619.38,0.11,Low Risk
SHP-01434,20260717,VEND-003,RT-f310c7e164,19.05,621.3,0,1646.24,0.08,Low Risk
SHP-01435,20260717,VEND-011,RT-3a354a03f3,14.87,234.8,0,132.43,0.16,Low Risk
SHP-01436,20260717,VEND-022,RT-ddebe1d8cd,20.35,295.5,0,789.95,0.11,Low Risk
SHP-01437,20260718,VEND-005,RT-41049c7b8e,14.02,319.2,3,395.03,0.61,High Risk
SHP-01438,20260718,VEND-001,RT-db5057c749,21.5,214.8,0,389.07,0.04,Low Risk
SHP-01439,20260718,VEND-003,RT-7c27d8a6a3,20.11,623.2,0,1107.34,0.1,Low Risk
SHP-01440,20260718,VEND-013,RT-6a1803ec24,3.36,645.5,0,319.37,0.11,Low Risk
SHP-01441,20260718,VEND-007,RT-cef3d310ed,24.45,463.2,1,417.18,0.14,Low Risk
SHP-01442,20260718,VEND-013,RT-f2e379f955,1.35,1049.0,0,122.06,0.11,Low Risk
SHP-01443,20260719,VEND-001,RT-2d0d6d7f31,15.32,1086.4,0,2378.43,0.19,Low Risk
SHP-01444,20260719,VEND-009,RT-599415ba11,20.02,638.3,0,1765.4,0.27,Medium Risk
SHP-01445,20260719,VEND-011,RT-c18066771f,8.97,745.6,0,861.96,0.08,Low Risk
SHP-01446,20260719,VEND-011,RT-aec163fafe,15.37,469.7,2,1045.71,0.31,Medium Risk
SHP-01447,20260719,VEND-014,RT-f052dddbb0,9.69,533.0,0,450.67,0.11,Low Risk
SHP-01448,20260720,VEND-020,RT-e558e76b75,2.45,365.2,0,79.37,0.11,Low Risk
SHP-01449,20260720,VEND-012,RT-89eea56df9,1.2,299.2,0,14.78,0.1,Low Risk
SHP-01450,20260720,VEND-022,RT-6a1efcdf1e,3.28,1123.1,0,145.21,0.44,Medium Risk
SHP-01451,20260721,VEND-014,RT-10260dd836,3.36,707.1,0,340.39,0.1,Low Risk
SHP-01452,20260721,VEND-007,RT-fa4bf2e3fe,15.66,763.3,0,1635.44,0.02,Low Risk
SHP-01453,20260721,VEND-006,RT-7f16e4f8af,13.62,77.7,0,153.32,0.07,Low Risk
SHP-01454,20260721,VEND-009,RT-3df4174c27,11.93,1341.3,2,623.63,0.36,Medium Risk
SHP-01455,20260721,VEND-015,RT-c842804b57,17.61,808.1,0,1935.19,0.1,Low Risk
SHP-01456,20260721,VEND-007,RT-dc4c4c3e90,1.4,709.3,0,96.42,0.13,Low Risk
SHP-01457,20260721,VEND-023,RT-3084ee88f9,7.5,221.0,0,146.99,0.08,Low Risk
SHP-01458,20260722,VEND-012,RT-99fc319fa4,19.66,1147.1,0,3063.3,0.04,Low Risk
SHP-01459,20260722,VEND-022,RT-432ea48708,22.84,740.9,0,581.23,0.11,Low Risk
SHP-01460,20260722,VEND-018,RT-b468432918,11.52,872.4,1,1427.36,0.68,High Risk
SHP-01461,20260722,VEND-009,RT-004a1e9c70,2.96,291.0,2,31.4,0.17,Low Risk
SHP-01462,20260722,VEND-006,RT-0132a7b912,20.17,1068.7,0,2848.35,0.02,Low Risk
SHP-01463,20260722,VEND-019,RT-ccf91d4498,22.24,601.4,0,1803.84,0.1,Low Risk
SHP-01464,20260723,VEND-009,RT-c860bed972,10.93,830.2,2,1205.89,0.61,High Risk
SHP-01465,20260723,VEND-007,RT-a5a01cf17c,6.84,1139.5,0,1012.92,0.04,Low Risk
SHP-01466,20260723,VEND-024,RT-ae9c9a0bf6,2.06,636.6,0,194.21,0.14,Low Risk
SHP-01467,20260724,VEND-013,RT-2c809da378,15.19,1292.6,0,1756.53,0.23,Medium Risk
SHP-01468,20260724,VEND-002,RT-3741e05492,22.84,947.7,0,2821.31,0.13,Low Risk
SHP-01469,20260724,VEND-013,RT-1636bf759a,17.27,768.9,0,1791.25,0.04,Low Risk
SHP-01470,20260724,VEND-012,RT-68a550e28c,8.61,897.4,0,605.49,0.1,Low Risk
SHP-01471,20260724,VEND-022,RT-f7e0824f94,16.43,678.8,0,1490.36,0.11,Low Risk
SHP-01472,20260724,VEND-018,RT-4ef9cc1553,20.97,282.0,2,821.24,0.19,Low Risk
SHP-01473,20260725,VEND-005,RT-f39aab646f,12.42,628.5,0,665.7,0.41,Medium Risk
SHP-01474,20260725,VEND-004,RT-36edc3a166,20.67,881.0,0,2507.39,0.02,Low Risk
SHP-01475,20260725,VEND-016,RT-f5bd640d2d,10.41,228.6,0,309.47,0.13,Low Risk
SHP-01476,20260725,VEND-002,RT-eac686ec31,9.36,604.1,0,203.06,0.08,Low Risk
SHP-01477,20260726,VEND-008,RT-e3e5dc252b,14.99,83.1,1,176.36,0.04,Low Risk
SHP-01478,20260726,VEND-004,RT-beb841bea7,12.15,764.9,0,806.36,0.15,Low Risk
SHP-01479,20260726,VEND-001,RT-2a6c886dd3,24.45,953.6,0,2971.03,0.05,Low Risk
SHP-01480,20260726,VEND-023,RT-7591cac03f,13.39,847.2,0,1469.95,0.02,Low Risk
SHP-01481,20260727,VEND-003,RT-2b3a4503ec,10.24,421.1,1,366.46,0.04,Low Risk
SHP-01482,20260727,VEND-001,RT-55978a0d4d,10.48,1155.6,0,931.69,0.1,Low Risk
SHP-01483,20260727,VEND-024,RT-6ab3ba1a3f,14.15,169.2,0,324.52,0.03,Low Risk
SHP-01484,20260727,VEND-005,RT-beb926d627,9.52,507.1,1,633.08,0.6,High Risk
SHP-01485,20260727,VEND-021,RT-7e7acf15a0,18.35,568.8,0,871.55,0.07,Low Risk
SHP-01486,20260728,VEND-001,RT-21410fa2f8,10.14,119.5,0,102.49,0.07,Low Risk
SHP-01487,20260728,VEND-004,RT-efa111c927,10.22,971.9,0,1428.79,0.11,Low Risk
SHP-01488,20260728,VEND-003,RT-48dd811611,15.81,851.0,0,1864.01,0.04,Low Risk
SHP-01489,20260728,VEND-018,RT-348eac90ae,2.46,1015.2,2,201.93,0.18,Low Risk
SHP-01490,20260729,VEND-016,RT-2f6c4ae144,16.73,958.4,4,2246.52,0.58,High Risk
SHP-01491,20260729,VEND-012,RT-79f460df96,13.12,1022.5,0,474.41,0.07,Low Risk
SHP-01492,20260729,VEND-007,RT-a51548469b,11.87,526.8,0,554.17,0.25,Medium Risk
SHP-01493,20260730,VEND-003,RT-4996d9b85d,18.26,403.0,0,1098.86,0.07,Low Risk
SHP-01494,20260730,VEND-015,RT-e27fe990b3,19.2,972.4,0,2461.96,0.13,Low Risk
SHP-01495,20260731,VEND-006,RT-2f3719d668,21.31,454.0,0,1342.45,0.01,Low Risk
SHP-01496,20260731,VEND-015,RT-c000599407,10.0,148.7,0,140.43,0.13,Low Risk
SHP-01497,20260731,VEND-018,RT-bdff775a84,8.85,633.9,0,762.11,0.65,High Risk
SHP-01498,20260731,VEND-022,RT-5d7195f1c8,18.14,886.3,0,642.21,0.37,Medium Risk
SHP-01499,20260731,VEND-013,RT-6cc3cf8613,14.96,495.5,0,986.77,0.07,Low Risk
SHP-01500,20260731,VEND-001,RT-68a50fd8a7,16.16,665.5,0,1471.34,0.13,Low Risk
