Shipment_ID,Shipment_Date,Vendor_ID,Vendor_Rating,Origin,Destination,Distance_km,Weight_tons,Weather_Condition,Traffic_Density,Vehicle_Type,Actual_Delay_Days,CO2_Emission_kg
SHP-00001,2025-08-01,VEND-019,4.5,Denizli,Antalya,801.1,15.0,Normal,Medium,Hybrid Van,0,1028.03
SHP-00002,2025-08-01,VEND-005,2.1,Istanbul,Van,796.2,24.79,Normal,Low,Electric Semi,0,675.33
SHP-00003,2025-08-01,VEND-010,3.2,Ankara,Antalya,945.1,6.79,Normal,Low,Hybrid Van,1,501.99
SHP-00004,2025-08-01,VEND-012,4.6,Eskisehir,Mersin,527.6,7.29,Normal,Low,Electric Semi,0,136.21
SHP-00005,2025-08-02,VEND-013,3.7,Trabzon,Gaziantep,364.5,3.22,Normal,Medium,Electric Semi,0,45.0
SHP-00006,2025-08-02,VEND-002,3.0,Istanbul,Denizli,67.9,14.3,Normal,Low,Diesel Truck,0,140.12
SHP-00007,2025-08-02,VEND-014,4.4,Malatya,Trabzon,287.6,15.72,Normal,Medium,Hybrid Van,0,368.09
SHP-00008,2025-08-02,VEND-004,3.7,Istanbul,Erzurum,409.2,18.42,Normal,Medium,Hybrid Van,1,625.26
SHP-00009,2025-08-03,VEND-019,4.7,Van,Eskisehir,254.9,9.05,Storm,Medium,Hybrid Van,0,219.25
SHP-00010,2025-08-03,VEND-018,2.0,Eskisehir,Antalya,73.2,1.29,Normal,Low,Hybrid Van,0,12.24
SHP-00011,2025-08-03,VEND-024,4.8,Van,Bursa,231.1,16.17,Normal,High,Electric Semi,0,141.18
SHP-00012,2025-08-03,VEND-019,4.3,Erzurum,Diyarbakir,816.0,24.97,Normal,Medium,Diesel Truck,0,2701.85
SHP-00013,2025-08-03,VEND-010,3.2,Konya,Samsun,774.0,8.07,Normal,Low,Hybrid Van,0,509.45
SHP-00014,2025-08-03,VEND-025,4.3,Sakarya,Ankara,1126.0,5.41,Normal,Medium,Diesel Truck,0,817.49
SHP-00015,2025-08-04,VEND-011,2.9,Antalya,Diyarbakir,967.9,7.76,Normal,High,Diesel Truck,1,1058.2
SHP-00016,2025-08-04,VEND-009,2.1,Kayseri,Denizli,702.9,11.21,Normal,Low,Diesel Truck,0,1039.91
SHP-00017,2025-08-04,VEND-023,5.0,Antalya,Istanbul,208.2,7.02,Normal,Medium,Electric Semi,0,57.31
SHP-00018,2025-08-04,VEND-010,3.2,Kayseri,Sakarya,698.7,9.33,Normal,Medium,Electric Semi,2,229.46
SHP-00019,2025-08-05,VEND-002,3.1,Malatya,Kocaeli,120.8,16.32,Normal,Low,Diesel Truck,0,276.17
SHP-00020,2025-08-06,VEND-012,4.8,Mersin,Trabzon,545.5,9.28,Rain,High,Diesel Truck,0,741.67
SHP-00021,2025-08-06,VEND-020,3.4,Ankara,Malatya,498.8,10.51,Rain,Low,Diesel Truck,0,717.56
SHP-00022,2025-08-06,VEND-005,1.8,Konya,Samsun,542.0,1.96,Normal,Low,Diesel Truck,0,153.07
SHP-00023,2025-08-06,VEND-012,4.6,Sakarya,Mersin,371.8,23.03,Normal,Low,Diesel Truck,0,1132.07
SHP-00024,2025-08-06,VEND-004,3.7,Samsun,Trabzon,838.7,10.77,Rain,Medium,Electric Semi,0,337.23
SHP-00025,2025-08-07,VEND-018,2.0,Kocaeli,Bursa,1017.1,8.88,Normal,High,Diesel Truck,2,1328.37
SHP-00026,2025-08-08,VEND-012,5.0,Mersin,Izmir,933.8,3.08,Normal,High,Diesel Truck,0,417.9
SHP-00027,2025-08-08,VEND-009,2.1,Gaziantep,Malatya,771.9,16.22,Normal,High,Diesel Truck,2,1827.33
SHP-00028,2025-08-09,VEND-006,4.9,Kocaeli,Antalya,669.1,21.73,Normal,Medium,Diesel Truck,0,1961.94
SHP-00029,2025-08-09,VEND-015,3.3,Trabzon,Kayseri,85.7,1.99,Normal,Medium,Hybrid Van,0,18.82
SHP-00030,2025-08-09,VEND-017,3.4,Malatya,Gaziantep,881.4,4.49,Normal,Medium,Diesel Truck,0,520.64
SHP-00031,2025-08-09,VEND-024,4.6,Trabzon,Antalya,676.7,4.51,Normal,Low,Diesel Truck,0,392.44
SHP-00032,2025-08-09,VEND-011,2.6,Van,Kocaeli,361.4,15.45,Normal,High,Electric Semi,0,207.46
SHP-00033,2025-08-09,VEND-005,1.9,Diyarbakir,Sakarya,427.0,23.11,Normal,Medium,Diesel Truck,1,1340.2
SHP-00034,2025-08-10,VEND-021,4.2,Ankara,Kayseri,1125.9,11.51,Normal,Medium,Hybrid Van,0,1032.69
SHP-00035,2025-08-10,VEND-016,2.1,Adana,Izmir,768.0,9.25,Normal,Medium,Hybrid Van,1,582.86
SHP-00036,2025-08-10,VEND-018,1.7,Adana,Antalya,597.3,19.38,Normal,High,Electric Semi,1,432.45
SHP-00037,2025-08-11,VEND-003,4.5,Istanbul,Antalya,764.1,18.82,Normal,Low,Hybrid Van,0,1205.67
SHP-00038,2025-08-11,VEND-008,4.6,Bursa,Malatya,525.8,6.92,Normal,Medium,Diesel Truck,1,485.38
SHP-00039,2025-08-11,VEND-020,3.8,Sakarya,Konya,590.7,4.86,Normal,Medium,Diesel Truck,0,381.15
SHP-00040,2025-08-12,VEND-021,4.2,Adana,Mersin,383.9,9.59,Rain,High,Diesel Truck,0,555.43
SHP-00041,2025-08-12,VEND-011,2.8,Izmir,Ankara,555.8,19.61,Normal,Low,Diesel Truck,1,1497.01
SHP-00042,2025-08-12,VEND-021,4.2,Gaziantep,Kayseri,838.4,17.68,Normal,Low,Diesel Truck,0,1928.24
SHP-00043,2025-08-12,VEND-022,2.7,Gaziantep,Erzurum,95.9,16.98,Normal,Medium,Diesel Truck,0,228.21
SHP-00044,2025-08-12,VEND-010,2.9,Bursa,Mersin,964.3,20.91,Normal,High,Diesel Truck,0,3004.18
SHP-00045,2025-08-12,VEND-023,4.9,Izmir,Denizli,375.4,7.65,Normal,High,Diesel Truck,0,430.52
SHP-00046,2025-08-13,VEND-008,4.2,Sakarya,Bursa,834.9,9.15,Normal,Medium,Electric Semi,0,283.2
SHP-00047,2025-08-13,VEND-006,4.7,Diyarbakir,Izmir,789.1,2.02,Normal,Low,Diesel Truck,0,211.46
SHP-00048,2025-08-13,VEND-018,1.8,Kayseri,Eskisehir,800.5,21.85,Normal,Low,Diesel Truck,0,2313.03
SHP-00049,2025-08-13,VEND-016,2.4,Trabzon,Ankara,749.3,14.98,Normal,Medium,Diesel Truck,1,1463.58
SHP-00050,2025-08-14,VEND-004,3.6,Erzurum,Mersin,1153.0,8.15,Normal,Low,Electric Semi,0,324.21
SHP-00051,2025-08-14,VEND-021,4.2,Diyarbakir,Konya,634.6,2.67,Normal,Medium,Diesel Truck,0,247.6
SHP-00052,2025-08-14,VEND-005,1.9,Istanbul,Ankara,892.2,18.36,Storm,High,Electric Semi,1,709.57
SHP-00053,2025-08-15,VEND-021,4.4,Van,Samsun,861.3,18.97,Normal,Medium,Diesel Truck,0,2246.44
SHP-00054,2025-08-15,VEND-001,4.4,Ankara,Van,321.7,16.99,Rain,Medium,Diesel Truck,3,725.15
SHP-00055,2025-08-16,VEND-020,3.7,Istanbul,Izmir,375.8,5.89,Normal,Low,Hybrid Van,0,174.51
SHP-00056,2025-08-16,VEND-020,3.6,Mersin,Diyarbakir,537.6,22.92,Normal,Low,Diesel Truck,0,1577.02
SHP-00057,2025-08-16,VEND-020,3.5,Eskisehir,Samsun,369.4,19.08,Normal,Medium,Diesel Truck,0,956.28
SHP-00058,2025-08-16,VEND-017,3.5,Ankara,Eskisehir,471.8,16.79,Normal,Medium,Diesel Truck,0,1038.82
SHP-00059,2025-08-17,VEND-012,4.8,Gaziantep,Ankara,499.6,16.62,Normal,Low,Diesel Truck,0,1079.4
SHP-00060,2025-08-17,VEND-018,1.9,Gaziantep,Malatya,744.4,22.7,Normal,Low,Diesel Truck,0,2321.62
SHP-00061,2025-08-18,VEND-007,4.4,Adana,Istanbul,302.9,23.28,Normal,Low,Diesel Truck,0,935.82
SHP-00062,2025-08-18,VEND-020,3.7,Van,Malatya,974.9,15.3,Normal,Medium,Diesel Truck,1,2038.25
SHP-00063,2025-08-18,VEND-014,4.2,Konya,Denizli,553.2,11.0,Normal,Medium,Hybrid Van,2,494.87
SHP-00064,2025-08-19,VEND-012,4.7,Antalya,Adana,862.2,9.73,Normal,Medium,Diesel Truck,0,1086.36
SHP-00065,2025-08-19,VEND-013,3.8,Izmir,Istanbul,143.7,20.66,Normal,Medium,Diesel Truck,0,394.61
SHP-00066,2025-08-19,VEND-015,3.1,Bursa,Trabzon,590.5,16.47,Normal,Low,Hybrid Van,0,742.64
SHP-00067,2025-08-19,VEND-001,4.1,Izmir,Ankara,82.5,2.85,Normal,Medium,Diesel Truck,0,40.2
SHP-00068,2025-08-19,VEND-004,3.9,Kocaeli,Trabzon,827.3,4.41,Normal,Low,Hybrid Van,0,299.28
SHP-00069,2025-08-20,VEND-007,4.1,Mersin,Sakarya,445.3,22.6,Normal,High,Diesel Truck,0,1405.99
SHP-00070,2025-08-20,VEND-003,4.4,Kayseri,Gaziantep,1141.6,22.23,Normal,Low,Electric Semi,0,893.67
SHP-00071,2025-08-21,VEND-011,2.8,Diyarbakir,Antalya,422.7,23.84,Normal,Medium,Hybrid Van,0,879.71
SHP-00072,2025-08-21,VEND-017,3.3,Kocaeli,Antalya,698.4,11.27,Normal,Low,Diesel Truck,0,1091.79
SHP-00073,2025-08-21,VEND-017,3.4,Bursa,Gaziantep,346.0,19.82,Rain,High,Hybrid Van,0,640.59
SHP-00074,2025-08-21,VEND-012,4.7,Adana,Izmir,763.1,20.88,Storm,Low,Electric Semi,0,600.74
SHP-00075,2025-08-22,VEND-022,2.5,Konya,Antalya,587.1,8.58,Normal,High,Hybrid Van,3,457.6
SHP-00076,2025-08-22,VEND-015,3.0,Diyarbakir,Trabzon,476.2,4.49,Normal,Low,Diesel Truck,0,297.55
SHP-00077,2025-08-23,VEND-002,3.2,Konya,Gaziantep,284.2,24.93,Normal,High,Diesel Truck,1,960.43
SHP-00078,2025-08-23,VEND-020,3.5,Izmir,Sakarya,178.2,1.73,Normal,Medium,Diesel Truck,2,52.22
SHP-00079,2025-08-23,VEND-015,2.8,Eskisehir,Diyarbakir,187.9,15.34,Normal,Low,Hybrid Van,0,230.76
SHP-00080,2025-08-23,VEND-016,2.0,Mersin,Sakarya,1198.9,16.61,Normal,Low,Diesel Truck,0,2555.11
SHP-00081,2025-08-23,VEND-015,3.1,Ankara,Kocaeli,524.2,17.36,Normal,Medium,Diesel Truck,0,1225.47
SHP-00082,2025-08-23,VEND-014,4.4,Denizli,Konya,52.2,7.14,Storm,High,Hybrid Van,0,40.56
SHP-00083,2025-08-23,VEND-003,4.5,Antalya,Erzurum,1145.9,18.32,Normal,High,Diesel Truck,0,2910.41
SHP-00084,2025-08-23,VEND-014,4.6,Malatya,Bursa,73.0,6.19,Storm,Low,Electric Semi,0,18.54
SHP-00085,2025-08-24,VEND-020,3.3,Diyarbakir,Mersin,531.4,20.9,Normal,Medium,Diesel Truck,0,1533.68
SHP-00086,2025-08-24,VEND-008,4.4,Adana,Kayseri,875.1,6.26,Normal,Low,Electric Semi,0,194.5
SHP-00087,2025-08-24,VEND-016,2.5,Kocaeli,Sakarya,1101.8,17.72,Normal,Low,Diesel Truck,0,2575.19
SHP-00088,2025-08-25,VEND-001,4.0,Kocaeli,Samsun,869.8,19.8,Normal,Medium,Diesel Truck,0,2314.03
SHP-00089,2025-08-25,VEND-009,1.8,Denizli,Diyarbakir,583.2,5.53,Normal,Low,Diesel Truck,0,436.15
SHP-00090,2025-08-25,VEND-011,2.7,Ankara,Erzurum,1170.6,6.71,Normal,Low,Diesel Truck,0,1061.73
SHP-00091,2025-08-25,VEND-025,4.1,Konya,Mersin,95.2,19.7,Normal,High,Diesel Truck,0,285.27
SHP-00092,2025-08-26,VEND-006,4.9,Bursa,Malatya,1184.9,3.06,Normal,Medium,Diesel Truck,0,504.92
SHP-00093,2025-08-26,VEND-007,4.4,Denizli,Bursa,1026.8,5.58,Normal,High,Electric Semi,0,228.5
SHP-00094,2025-08-26,VEND-011,3.1,Ankara,Erzurum,1118.3,11.93,Normal,Low,Diesel Truck,0,1787.9
SHP-00095,2025-08-26,VEND-025,4.1,Samsun,Bursa,343.0,23.32,Normal,High,Diesel Truck,0,1245.17
SHP-00096,2025-08-26,VEND-022,3.0,Eskisehir,Malatya,213.8,14.49,Normal,Medium,Diesel Truck,0,442.77
SHP-00097,2025-08-27,VEND-001,4.2,Erzurum,Adana,812.8,10.3,Normal,Medium,Diesel Truck,0,1137.16
SHP-00098,2025-08-27,VEND-006,5.0,Gaziantep,Van,643.2,24.48,Normal,Low,Electric Semi,0,537.48
SHP-00099,2025-08-27,VEND-021,4.2,Istanbul,Bursa,651.6,12.13,Normal,High,Diesel Truck,3,1130.14
SHP-00100,2025-08-27,VEND-002,3.0,Eskisehir,Mersin,1113.3,11.41,Rain,Medium,Hybrid Van,0,1081.98
SHP-00101,2025-08-28,VEND-022,2.8,Istanbul,Erzurum,763.1,10.88,Normal,High,Electric Semi,0,326.23
SHP-00102,2025-08-28,VEND-008,4.8,Ankara,Istanbul,407.7,8.49,Normal,Medium,Hybrid Van,0,286.01
SHP-00103,2025-08-28,VEND-023,5.0,Van,Gaziantep,510.1,8.82,Normal,High,Electric Semi,0,181.12
SHP-00104,2025-08-29,VEND-008,4.2,Malatya,Ankara,203.5,17.51,Normal,Medium,Diesel Truck,0,469.65
SHP-00105,2025-08-29,VEND-011,2.9,Eskisehir,Konya,271.2,1.98,Normal,High,Hybrid Van,0,49.12
SHP-00106,2025-08-30,VEND-017,3.3,Diyarbakir,Adana,214.9,17.36,Normal,Low,Hybrid Van,0,301.23
SHP-00107,2025-08-30,VEND-004,3.8,Ankara,Trabzon,981.8,5.83,Normal,Low,Electric Semi,0,196.73
SHP-00108,2025-08-31,VEND-014,4.5,Ankara,Gaziantep,860.6,10.22,Normal,Medium,Diesel Truck,0,1152.25
SHP-00109,2025-08-31,VEND-013,3.8,Konya,Bursa,659.9,4.52,Rain,Medium,Diesel Truck,0,415.83
SHP-00110,2025-08-31,VEND-020,3.7,Istanbul,Antalya,480.5,14.27,Normal,Medium,Electric Semi,0,245.41
SHP-00111,2025-08-31,VEND-025,4.2,Malatya,Erzurum,818.8,18.5,Normal,Medium,Diesel Truck,0,2056.93
SHP-00112,2025-09-01,VEND-017,3.5,Ankara,Van,984.8,9.51,Normal,Medium,Electric Semi,0,336.09
SHP-00113,2025-09-01,VEND-011,2.9,Samsun,Antalya,1063.4,4.92,Normal,High,Diesel Truck,0,744.72
SHP-00114,2025-09-02,VEND-011,2.5,Malatya,Bursa,679.1,6.44,Normal,Low,Diesel Truck,0,576.46
SHP-00115,2025-09-02,VEND-011,2.9,Eskisehir,Ankara,992.9,20.63,Storm,High,Diesel Truck,3,3269.52
SHP-00116,2025-09-02,VEND-021,4.1,Antalya,Van,638.0,7.42,Storm,Low,Diesel Truck,0,703.0
SHP-00117,2025-09-03,VEND-009,1.7,Kayseri,Eskisehir,595.7,19.59,Rain,Medium,Diesel Truck,1,1640.9
SHP-00118,2025-09-03,VEND-005,1.8,Samsun,Sakarya,1045.2,8.95,Normal,High,Hybrid Van,1,833.2
SHP-00119,2025-09-03,VEND-009,1.9,Sakarya,Gaziantep,494.3,5.53,Storm,Low,Electric Semi,0,104.37
SHP-00120,2025-09-04,VEND-001,4.1,Mersin,Denizli,505.3,18.46,Normal,Low,Hybrid Van,0,761.06
SHP-00121,2025-09-04,VEND-003,4.6,Gaziantep,Ankara,400.6,12.25,Normal,Low,Electric Semi,0,175.29
SHP-00122,2025-09-04,VEND-003,4.3,Sakarya,Trabzon,646.5,1.75,Normal,Medium,Hybrid Van,0,102.2
SHP-00123,2025-09-05,VEND-020,3.6,Malatya,Kocaeli,676.6,24.04,Normal,Medium,Diesel Truck,0,2082.34
SHP-00124,2025-09-05,VEND-019,4.3,Kayseri,Konya,809.5,4.55,Rain,Low,Hybrid Van,0,305.45
SHP-00125,2025-09-05,VEND-018,1.7,Istanbul,Eskisehir,545.1,9.48,Storm,High,Hybrid Van,2,500.92
SHP-00126,2025-09-05,VEND-012,4.7,Samsun,Denizli,300.5,10.24,Rain,Low,Electric Semi,0,112.39
SHP-00127,2025-09-06,VEND-018,1.5,Malatya,Mersin,1046.9,12.75,Rain,Medium,Diesel Truck,0,1814.74
SHP-00128,2025-09-06,VEND-005,1.9,Van,Bursa,447.9,19.85,Normal,Medium,Electric Semi,1,312.51
SHP-00129,2025-09-06,VEND-023,4.9,Mersin,Istanbul,1111.4,1.15,Normal,Low,Diesel Truck,0,178.37
SHP-00130,2025-09-06,VEND-013,3.5,Bursa,Erzurum,288.5,23.38,Rain,Low,Diesel Truck,0,890.72
SHP-00131,2025-09-06,VEND-024,4.3,Kocaeli,Gaziantep,694.1,16.5,Normal,High,Electric Semi,1,419.28
SHP-00132,2025-09-07,VEND-004,3.9,Diyarbakir,Gaziantep,667.1,23.82,Rain,Medium,Hybrid Van,0,1401.12
SHP-00133,2025-09-07,VEND-013,3.8,Erzurum,Trabzon,1002.9,20.62,Normal,Low,Diesel Truck,1,2733.5
SHP-00134,2025-09-07,VEND-018,1.7,Ankara,Gaziantep,209.7,23.27,Normal,High,Diesel Truck,2,704.14
SHP-00135,2025-09-08,VEND-013,3.8,Gaziantep,Mersin,1096.4,15.42,Normal,Medium,Hybrid Van,0,1372.07
SHP-00136,2025-09-08,VEND-012,4.7,Kayseri,Eskisehir,661.1,9.58,Normal,Low,Diesel Truck,0,828.5
SHP-00137,2025-09-09,VEND-005,1.9,Ankara,Trabzon,724.0,11.63,Rain,Medium,Diesel Truck,2,1224.19
SHP-00138,2025-09-10,VEND-010,2.9,Malatya,Trabzon,636.7,16.79,Storm,Medium,Electric Semi,4,401.5
SHP-00139,2025-09-10,VEND-006,4.7,Izmir,Istanbul,91.4,11.25,Normal,Low,Hybrid Van,0,82.21
SHP-00140,2025-09-10,VEND-008,4.1,Denizli,Mersin,621.7,18.56,Normal,High,Diesel Truck,0,1627.6
SHP-00141,2025-09-11,VEND-018,1.7,Erzurum,Kayseri,353.1,3.2,Normal,Low,Diesel Truck,0,154.77
SHP-00142,2025-09-11,VEND-016,2.5,Denizli,Trabzon,444.1,20.92,Normal,Low,Diesel Truck,0,1197.67
SHP-00143,2025-09-11,VEND-016,2.2,Sakarya,Izmir,796.5,5.9,Normal,Low,Diesel Truck,0,630.85
SHP-00144,2025-09-11,VEND-010,2.7,Gaziantep,Bursa,622.4,23.65,Normal,High,Hybrid Van,0,1342.19
SHP-00145,2025-09-11,VEND-024,4.3,Diyarbakir,Eskisehir,157.2,4.73,Normal,Medium,Hybrid Van,0,66.58
SHP-00146,2025-09-11,VEND-003,4.4,Mersin,Denizli,134.0,4.1,Normal,High,Diesel Truck,0,88.83
SHP-00147,2025-09-12,VEND-009,1.8,Ankara,Diyarbakir,263.5,20.49,Normal,Low,Diesel Truck,0,715.68
SHP-00148,2025-09-12,VEND-003,4.4,Adana,Gaziantep,269.5,20.65,Rain,High,Diesel Truck,0,829.0
SHP-00149,2025-09-12,VEND-009,1.9,Konya,Van,749.5,18.73,Normal,Medium,Diesel Truck,0,1832.3
SHP-00150,2025-09-13,VEND-025,4.2,Samsun,Gaziantep,254.5,24.05,Normal,Low,Diesel Truck,0,778.91
SHP-00151,2025-09-13,VEND-010,3.3,Gaziantep,Denizli,1064.0,7.49,Normal,Low,Diesel Truck,0,1001.71
SHP-00152,2025-09-13,VEND-023,4.8,Kayseri,Bursa,291.2,20.84,Rain,High,Hybrid Van,0,552.12
SHP-00153,2025-09-13,VEND-013,3.7,Mersin,Erzurum,154.8,9.45,Rain,Low,Diesel Truck,0,205.54
SHP-00154,2025-09-13,VEND-018,1.8,Konya,Adana,1057.1,13.9,Normal,Medium,Electric Semi,2,513.09
SHP-00155,2025-09-14,VEND-012,4.5,Denizli,Diyarbakir,389.6,11.69,Normal,Medium,Diesel Truck,0,625.44
SHP-00156,2025-09-14,VEND-007,4.3,Konya,Adana,539.2,1.14,Rain,Low,Hybrid Van,0,53.33
SHP-00157,2025-09-14,VEND-020,3.7,Sakarya,Diyarbakir,1152.9,14.79,Normal,High,Hybrid Van,3,1456.65
SHP-00158,2025-09-14,VEND-025,4.2,Gaziantep,Kayseri,1136.0,18.94,Normal,High,Diesel Truck,0,3027.68
SHP-00159,2025-09-15,VEND-007,4.4,Malatya,Ankara,872.2,5.19,Storm,Medium,Diesel Truck,0,647.44
SHP-00160,2025-09-15,VEND-020,3.6,Adana,Bursa,129.3,23.36,Normal,Medium,Electric Semi,0,113.53
SHP-00161,2025-09-15,VEND-007,4.5,Istanbul,Denizli,732.3,13.73,Normal,Medium,Diesel Truck,0,1360.79
SHP-00162,2025-09-16,VEND-018,1.7,Izmir,Antalya,1187.4,5.28,Rain,Medium,Diesel Truck,1,903.19
SHP-00163,2025-09-16,VEND-020,3.5,Diyarbakir,Gaziantep,1139.0,16.5,Normal,Low,Diesel Truck,0,2418.54
SHP-00164,2025-09-16,VEND-012,4.7,Malatya,Samsun,171.9,5.61,Normal,Medium,Hybrid Van,0,83.37
SHP-00165,2025-09-16,VEND-019,4.2,Antalya,Gaziantep,505.4,2.52,Normal,Low,Diesel Truck,0,183.32
SHP-00166,2025-09-17,VEND-007,4.1,Trabzon,Izmir,412.9,17.45,Rain,Medium,Diesel Truck,0,962.65
SHP-00167,2025-09-17,VEND-002,3.1,Kocaeli,Trabzon,199.2,3.66,Rain,Medium,Diesel Truck,0,114.34
SHP-00168,2025-09-17,VEND-003,4.6,Izmir,Eskisehir,849.0,3.55,Rain,Low,Electric Semi,0,115.67
SHP-00169,2025-09-17,VEND-012,4.6,Kayseri,Eskisehir,364.9,18.76,Normal,High,Diesel Truck,0,1010.4
SHP-00170,2025-09-18,VEND-023,5.0,Denizli,Erzurum,446.6,2.32,Rain,Low,Hybrid Van,0,88.61
SHP-00171,2025-09-18,VEND-004,4.1,Van,Izmir,153.9,20.43,Rain,Low,Electric Semi,0,119.81
SHP-00172,2025-09-18,VEND-012,4.9,Diyarbakir,Mersin,622.7,20.11,Normal,Medium,Diesel Truck,0,1684.94
SHP-00173,2025-09-18,VEND-018,1.8,Ankara,Gaziantep,231.9,4.39,Normal,Medium,Diesel Truck,1,142.87
SHP-00174,2025-09-18,VEND-006,5.0,Antalya,Erzurum,546.9,13.44,Normal,Low,Hybrid Van,0,585.13
SHP-00175,2025-09-19,VEND-019,4.1,Mersin,Kocaeli,214.8,3.32,Rain,Medium,Hybrid Van,0,64.28
SHP-00176,2025-09-19,VEND-008,4.3,Bursa,Ankara,1146.9,16.18,Normal,Medium,Diesel Truck,1,2445.72
SHP-00177,2025-09-19,VEND-021,4.1,Kocaeli,Eskisehir,216.7,2.51,Normal,Low,Diesel Truck,0,81.33
SHP-00178,2025-09-19,VEND-015,3.1,Istanbul,Ankara,650.2,23.67,Rain,High,Diesel Truck,0,2223.08
SHP-00179,2025-09-19,VEND-014,4.3,Izmir,Konya,276.5,5.99,Storm,Low,Diesel Truck,0,240.96
SHP-00180,2025-09-20,VEND-005,1.8,Istanbul,Eskisehir,137.8,17.39,Storm,Medium,Diesel Truck,2,343.35
SHP-00181,2025-09-20,VEND-012,5.0,Gaziantep,Samsun,282.7,4.08,Normal,Low,Diesel Truck,0,158.09
SHP-00182,2025-09-20,VEND-022,2.7,Sakarya,Eskisehir,113.0,6.03,Normal,Medium,Diesel Truck,0,96.96
SHP-00183,2025-09-20,VEND-001,4.3,Bursa,Kocaeli,210.3,11.82,Normal,High,Hybrid Van,0,215.24
SHP-00184,2025-09-21,VEND-019,4.4,Van,Diyarbakir,617.5,14.75,Normal,Low,Hybrid Van,0,730.25
SHP-00185,2025-09-21,VEND-013,3.8,Gaziantep,Kocaeli,799.6,24.97,Rain,Low,Hybrid Van,0,1701.62
SHP-00186,2025-09-21,VEND-018,1.7,Istanbul,Izmir,150.4,1.62,Normal,Low,Electric Semi,2,10.16
SHP-00187,2025-09-21,VEND-017,3.5,Konya,Ankara,557.2,1.01,Normal,Low,Electric Semi,1,21.52
SHP-00188,2025-09-22,VEND-011,3.0,Eskisehir,Sakarya,718.4,9.41,Normal,High,Diesel Truck,0,971.7
SHP-00189,2025-09-22,VEND-008,4.5,Izmir,Istanbul,319.4,9.79,Normal,Medium,Electric Semi,0,114.22
SHP-00190,2025-09-22,VEND-016,2.3,Ankara,Mersin,477.9,22.21,Rain,Medium,Diesel Truck,2,1521.94
SHP-00191,2025-09-22,VEND-004,4.0,Diyarbakir,Istanbul,132.6,22.9,Normal,High,Diesel Truck,0,435.54
SHP-00192,2025-09-22,VEND-015,2.9,Kocaeli,Gaziantep,303.2,22.13,Normal,High,Hybrid Van,0,609.76
SHP-00193,2025-09-23,VEND-003,4.5,Konya,Trabzon,586.8,4.44,Normal,High,Hybrid Van,2,242.34
SHP-00194,2025-09-23,VEND-017,3.5,Sakarya,Bursa,1189.0,10.89,Normal,Low,Diesel Truck,0,1648.58
SHP-00195,2025-09-23,VEND-016,2.4,Diyarbakir,Mersin,1195.7,18.9,Normal,Low,Electric Semi,1,775.95
SHP-00196,2025-09-23,VEND-003,4.5,Adana,Van,1176.6,8.5,Rain,Low,Diesel Truck,0,1325.33
SHP-00197,2025-09-24,VEND-019,4.5,Kocaeli,Ankara,536.5,16.92,Normal,Low,Diesel Truck,0,1135.8
SHP-00198,2025-09-24,VEND-011,2.9,Istanbul,Izmir,142.8,6.69,Normal,Medium,Diesel Truck,0,135.54
SHP-00199,2025-09-25,VEND-020,3.9,Konya,Gaziantep,422.1,8.76,Rain,Low,Diesel Truck,0,523.0
SHP-00200,2025-09-25,VEND-002,3.0,Kocaeli,Diyarbakir,323.4,21.65,Normal,Medium,Electric Semi,0,248.38
SHP-00201,2025-09-25,VEND-005,1.7,Bursa,Mersin,66.2,7.01,Normal,Medium,Diesel Truck,0,73.89
SHP-00202,2025-09-25,VEND-013,3.9,Van,Trabzon,159.5,24.14,Normal,Low,Diesel Truck,0,501.93
SHP-00203,2025-09-25,VEND-005,1.4,Van,Istanbul,571.2,8.35,Normal,Low,Hybrid Van,0,410.01
SHP-00204,2025-09-26,VEND-009,2.0,Gaziantep,Eskisehir,440.6,1.56,Normal,Medium,Diesel Truck,0,99.18
SHP-00205,2025-09-26,VEND-017,2.9,Adana,Ankara,257.4,7.12,Rain,Medium,Diesel Truck,0,262.64
SHP-00206,2025-09-27,VEND-004,3.6,Bursa,Eskisehir,873.5,5.11,Rain,Medium,Diesel Truck,0,612.94
SHP-00207,2025-09-27,VEND-017,3.5,Samsun,Izmir,460.7,13.16,Normal,Medium,Diesel Truck,0,810.93
SHP-00208,2025-09-28,VEND-003,4.6,Izmir,Malatya,1029.6,3.71,Normal,Low,Diesel Truck,0,524.83
SHP-00209,2025-09-28,VEND-005,1.6,Adana,Gaziantep,327.1,16.03,Normal,Low,Electric Semi,0,187.65
SHP-00210,2025-09-28,VEND-015,3.0,Kocaeli,Bursa,669.2,22.0,Normal,Low,Hybrid Van,0,1218.27
SHP-00211,2025-09-29,VEND-020,3.9,Trabzon,Konya,261.8,9.7,Normal,Low,Diesel Truck,0,324.78
SHP-00212,2025-09-29,VEND-005,1.7,Kocaeli,Istanbul,619.6,5.04,Normal,Medium,Diesel Truck,0,438.98
SHP-00213,2025-09-29,VEND-008,4.6,Antalya,Bursa,225.3,10.6,Normal,High,Diesel Truck,0,340.1
SHP-00214,2025-09-29,VEND-024,4.6,Sakarya,Kocaeli,235.8,19.86,Storm,Low,Hybrid Van,0,392.52
SHP-00215,2025-09-29,VEND-025,4.3,Denizli,Gaziantep,754.1,15.2,Rain,Low,Diesel Truck,0,1554.1
SHP-00216,2025-09-29,VEND-015,3.3,Sakarya,Konya,353.4,3.43,Normal,Medium,Diesel Truck,0,173.38
SHP-00217,2025-09-30,VEND-012,4.7,Kayseri,Diyarbakir,248.2,13.89,Rain,Medium,Hybrid Van,0,300.2
SHP-00218,2025-09-30,VEND-009,1.7,Malatya,Izmir,1119.2,12.23,Normal,Low,Electric Semi,0,490.92
SHP-00219,2025-09-30,VEND-016,2.3,Adana,Mersin,99.5,8.85,Normal,Low,Diesel Truck,0,125.68
SHP-00220,2025-09-30,VEND-015,3.1,Diyarbakir,Bursa,699.9,3.64,Normal,High,Diesel Truck,2,389.56
SHP-00221,2025-10-01,VEND-008,4.1,Antalya,Samsun,680.5,24.55,Normal,Low,Diesel Truck,0,2101.97
SHP-00222,2025-10-01,VEND-001,4.2,Antalya,Adana,338.2,5.23,Rain,Medium,Hybrid Van,0,162.89
SHP-00223,2025-10-01,VEND-004,3.8,Samsun,Istanbul,570.7,5.63,Normal,High,Diesel Truck,0,494.71
SHP-00224,2025-10-01,VEND-024,4.7,Kocaeli,Ankara,150.9,4.49,Normal,Low,Diesel Truck,0,95.02
SHP-00225,2025-10-02,VEND-011,2.8,Eskisehir,Malatya,879.5,14.68,Normal,Medium,Electric Semi,2,447.92
SHP-00226,2025-10-02,VEND-013,3.8,Gaziantep,Ankara,305.0,11.65,Normal,Low,Diesel Truck,0,450.42
SHP-00227,2025-10-02,VEND-012,4.7,Malatya,Eskisehir,272.4,6.99,Normal,Low,Diesel Truck,0,251.99
SHP-00228,2025-10-03,VEND-020,3.7,Konya,Erzurum,412.1,11.31,Normal,Low,Hybrid Van,0,399.64
SHP-00229,2025-10-03,VEND-002,3.1,Samsun,Mersin,1087.7,17.16,Rain,High,Diesel Truck,3,2759.64
SHP-00230,2025-10-03,VEND-003,4.4,Erzurum,Gaziantep,965.9,7.76,Normal,Low,Hybrid Van,0,592.45
SHP-00231,2025-10-03,VEND-007,4.0,Samsun,Sakarya,1138.9,22.97,Normal,Low,Hybrid Van,1,2053.73
SHP-00232,2025-10-03,VEND-013,4.0,Denizli,Van,799.8,8.35,Normal,High,Diesel Truck,0,925.56
SHP-00233,2025-10-03,VEND-017,3.3,Erzurum,Izmir,812.4,5.76,Rain,Low,Electric Semi,0,174.7
SHP-00234,2025-10-04,VEND-013,3.6,Van,Erzurum,602.0,23.91,Rain,High,Hybrid Van,1,1305.57
SHP-00235,2025-10-04,VEND-012,4.8,Kayseri,Erzurum,1091.0,20.45,Normal,Medium,Electric Semi,0,864.94
SHP-00236,2025-10-04,VEND-024,4.7,Mersin,Izmir,637.5,9.24,Normal,Medium,Electric Semi,1,220.04
SHP-00237,2025-10-04,VEND-005,1.6,Bursa,Ankara,458.3,21.19,Normal,High,Diesel Truck,1,1432.32
SHP-00238,2025-10-04,VEND-015,3.1,Samsun,Eskisehir,786.4,13.45,Normal,Medium,Diesel Truck,1,1427.89
SHP-00239,2025-10-04,VEND-014,4.5,Erzurum,Ankara,678.1,9.32,Normal,Low,Electric Semi,0,215.41
SHP-00240,2025-10-05,VEND-012,4.8,Kayseri,Trabzon,192.6,21.15,Normal,High,Diesel Truck,2,575.81
SHP-00241,2025-10-05,VEND-021,4.3,Konya,Ankara,501.6,19.05,Rain,High,Diesel Truck,0,1358.3
SHP-00242,2025-10-05,VEND-007,4.0,Izmir,Eskisehir,410.3,8.15,Normal,High,Diesel Truck,0,500.28
SHP-00243,2025-10-05,VEND-024,4.6,Adana,Antalya,1023.9,15.56,Rain,Medium,Diesel Truck,0,2201.46
SHP-00244,2025-10-06,VEND-009,1.9,Antalya,Ankara,485.7,9.87,Normal,Medium,Hybrid Van,3,414.53
SHP-00245,2025-10-06,VEND-014,4.3,Van,Ankara,994.8,1.03,Normal,Medium,Hybrid Van,0,89.77
SHP-00246,2025-10-07,VEND-014,4.5,Samsun,Bursa,558.7,24.08,Rain,Low,Hybrid Van,0,1102.91
SHP-00247,2025-10-07,VEND-022,2.9,Izmir,Kocaeli,916.5,14.19,Rain,Medium,Diesel Truck,0,1755.77
SHP-00248,2025-10-07,VEND-011,3.1,Ankara,Izmir,205.6,15.36,Normal,Medium,Diesel Truck,1,439.22
SHP-00249,2025-10-07,VEND-008,4.5,Malatya,Sakarya,1113.3,15.4,Rain,Medium,Hybrid Van,0,1463.86
SHP-00250,2025-10-08,VEND-001,4.2,Erzurum,Kocaeli,602.6,14.22,Normal,Low,Diesel Truck,0,1152.33
SHP-00251,2025-10-08,VEND-010,3.2,Sakarya,Gaziantep,348.8,7.96,Normal,Medium,Electric Semi,0,100.42
SHP-00252,2025-10-08,VEND-021,4.3,Izmir,Van,327.7,24.32,Rain,Medium,Electric Semi,0,305.96
SHP-00253,2025-10-09,VEND-001,4.2,Ankara,Denizli,354.8,15.92,Rain,Medium,Diesel Truck,0,834.29
SHP-00254,2025-10-09,VEND-023,4.9,Bursa,Denizli,471.7,17.1,Normal,High,Diesel Truck,0,1171.75
SHP-00255,2025-10-09,VEND-014,4.5,Sakarya,Bursa,875.1,11.92,Storm,Medium,Electric Semi,1,421.46
SHP-00256,2025-10-09,VEND-004,3.9,Sakarya,Denizli,1142.0,7.91,Rain,Low,Diesel Truck,0,1238.68
SHP-00257,2025-10-10,VEND-008,4.2,Diyarbakir,Samsun,819.4,2.54,Normal,Low,Hybrid Van,0,180.21
SHP-00258,2025-10-10,VEND-014,4.3,Ankara,Van,679.2,9.41,Normal,Medium,Electric Semi,0,236.81
SHP-00259,2025-10-10,VEND-008,4.4,Bursa,Samsun,565.9,5.23,Normal,Medium,Diesel Truck,0,417.04
SHP-00260,2025-10-10,VEND-003,4.5,Erzurum,Trabzon,1002.4,16.89,Normal,High,Electric Semi,0,652.76
SHP-00261,2025-10-11,VEND-017,3.5,Erzurum,Konya,1027.1,22.1,Rain,Low,Diesel Truck,0,2976.82
SHP-00262,2025-10-11,VEND-017,3.5,Eskisehir,Istanbul,387.0,8.27,Normal,Low,Diesel Truck,1,408.69
SHP-00263,2025-10-11,VEND-003,4.4,Izmir,Bursa,1146.4,8.99,Rain,Medium,Hybrid Van,0,921.21
SHP-00264,2025-10-11,VEND-008,4.4,Ankara,Malatya,504.4,17.09,Normal,Medium,Electric Semi,0,305.8
SHP-00265,2025-10-12,VEND-007,4.3,Ankara,Sakarya,970.1,4.58,Rain,High,Electric Semi,0,181.87
SHP-00266,2025-10-12,VEND-017,3.2,Denizli,Konya,1161.8,23.31,Rain,High,Hybrid Van,2,2489.9
SHP-00267,2025-10-12,VEND-019,4.6,Diyarbakir,Denizli,859.2,9.73,Rain,Medium,Diesel Truck,0,1205.04
SHP-00268,2025-10-12,VEND-019,4.3,Trabzon,Istanbul,235.8,3.43,Rain,High,Diesel Truck,0,126.21
SHP-00269,2025-10-12,VEND-024,4.4,Gaziantep,Istanbul,724.1,5.19,Rain,Low,Diesel Truck,0,499.31
SHP-00270,2025-10-12,VEND-020,3.5,Sakarya,Kayseri,186.6,23.39,Normal,Medium,Diesel Truck,0,605.2
SHP-00271,2025-10-12,VEND-009,1.7,Ankara,Trabzon,957.5,6.93,Rain,High,Diesel Truck,2,977.75
SHP-00272,2025-10-12,VEND-003,4.5,Diyarbakir,Erzurum,373.5,16.89,Storm,Medium,Diesel Truck,0,895.77
SHP-00273,2025-10-12,VEND-016,2.3,Malatya,Eskisehir,849.5,4.75,Normal,High,Electric Semi,0,166.13
SHP-00274,2025-10-12,VEND-023,4.8,Eskisehir,Antalya,1096.6,5.66,Normal,Low,Diesel Truck,0,795.53
SHP-00275,2025-10-12,VEND-025,4.3,Malatya,Sakarya,258.2,22.1,Snow,Low,Electric Semi,0,206.93
SHP-00276,2025-10-13,VEND-006,5.0,Kocaeli,Kayseri,501.8,4.55,Normal,Medium,Hybrid Van,0,192.71
SHP-00277,2025-10-13,VEND-006,4.9,Kayseri,Diyarbakir,794.2,1.45,Normal,High,Hybrid Van,0,109.71
SHP-00278,2025-10-13,VEND-001,4.3,Konya,Bursa,532.6,13.03,Normal,Low,Diesel Truck,0,851.01
SHP-00279,2025-10-13,VEND-004,4.0,Erzurum,Istanbul,251.0,21.71,Normal,High,Hybrid Van,0,500.91
SHP-00280,2025-10-14,VEND-014,4.1,Denizli,Ankara,83.4,8.82,Normal,Low,Hybrid Van,1,61.13
SHP-00281,2025-10-14,VEND-014,4.3,Bursa,Van,517.6,4.08,Normal,Medium,Diesel Truck,0,296.17
SHP-00282,2025-10-14,VEND-010,2.8,Van,Ankara,796.6,24.57,Storm,Medium,Diesel Truck,3,2808.74
SHP-00283,2025-10-14,VEND-008,4.3,Ankara,Erzurum,710.1,17.24,Normal,Low,Diesel Truck,0,1695.06
SHP-00284,2025-10-14,VEND-021,4.2,Kocaeli,Eskisehir,229.7,21.42,Normal,Medium,Electric Semi,0,181.33
SHP-00285,2025-10-14,VEND-012,4.9,Bursa,Izmir,568.3,19.05,Rain,Medium,Electric Semi,0,398.84
SHP-00286,2025-10-14,VEND-021,4.4,Denizli,Malatya,474.9,17.76,Rain,Medium,Diesel Truck,0,1172.4
SHP-00287,2025-10-16,VEND-025,4.2,Mersin,Izmir,365.3,10.23,Normal,Low,Hybrid Van,0,303.78
SHP-00288,2025-10-16,VEND-008,4.2,Mersin,Izmir,888.7,8.78,Normal,Low,Diesel Truck,0,1027.81
SHP-00289,2025-10-16,VEND-006,5.0,Denizli,Samsun,406.1,18.21,Rain,High,Diesel Truck,0,1112.74
SHP-00290,2025-10-16,VEND-024,4.5,Sakarya,Gaziantep,671.2,18.2,Rain,Medium,Hybrid Van,0,1051.09
SHP-00291,2025-10-16,VEND-016,2.3,Adana,Gaziantep,1111.7,23.81,Normal,High,Hybrid Van,0,2237.31
SHP-00292,2025-10-17,VEND-008,4.4,Van,Bursa,670.2,14.65,Normal,Medium,Hybrid Van,0,812.67
SHP-00293,2025-10-17,VEND-016,2.2,Kayseri,Trabzon,759.6,8.07,Rain,High,Diesel Truck,1,928.54
SHP-00294,2025-10-17,VEND-013,3.9,Bursa,Istanbul,134.2,12.75,Rain,Low,Diesel Truck,0,232.58
SHP-00295,2025-10-17,VEND-023,5.0,Istanbul,Gaziantep,254.9,15.73,Normal,Medium,Diesel Truck,0,561.52
SHP-00296,2025-10-17,VEND-007,4.1,Antalya,Kocaeli,166.1,11.24,Rain,Medium,Diesel Truck,0,268.81
SHP-00297,2025-10-17,VEND-025,4.3,Denizli,Kayseri,929.5,19.99,Rain,Low,Diesel Truck,0,2479.89
SHP-00298,2025-10-18,VEND-024,4.7,Samsun,Eskisehir,1011.3,15.03,Rain,Low,Hybrid Van,0,1301.6
SHP-00299,2025-10-18,VEND-005,1.8,Konya,Antalya,264.4,1.23,Rain,Medium,Electric Semi,0,13.08
SHP-00300,2025-10-18,VEND-005,1.7,Kayseri,Denizli,302.2,14.68,Rain,High,Diesel Truck,1,649.06
SHP-00301,2025-10-18,VEND-014,4.3,Diyarbakir,Eskisehir,421.7,16.21,Normal,Medium,Diesel Truck,0,966.99
SHP-00302,2025-10-18,VEND-002,2.9,Kocaeli,Adana,729.7,22.97,Normal,Low,Diesel Truck,1,2307.02
SHP-00303,2025-10-18,VEND-008,4.4,Ankara,Gaziantep,765.1,10.93,Rain,High,Diesel Truck,1,1325.88
SHP-00304,2025-10-18,VEND-011,2.7,Istanbul,Kocaeli,839.8,14.79,Normal,Low,Electric Semi,0,436.88
SHP-00305,2025-10-19,VEND-025,4.3,Kayseri,Kocaeli,1091.0,12.4,Normal,Low,Diesel Truck,0,1790.96
SHP-00306,2025-10-19,VEND-025,4.0,Mersin,Ankara,389.3,13.76,Normal,High,Hybrid Van,2,487.46
SHP-00307,2025-10-19,VEND-004,3.9,Malatya,Samsun,807.6,2.62,Rain,High,Diesel Truck,3,332.98
SHP-00308,2025-10-19,VEND-023,4.9,Kocaeli,Izmir,693.7,22.53,Rain,High,Diesel Truck,0,2332.78
SHP-00309,2025-10-19,VEND-003,4.9,Sakarya,Samsun,401.7,22.85,Normal,High,Hybrid Van,0,834.7
SHP-00310,2025-10-20,VEND-019,4.2,Kocaeli,Erzurum,1093.5,14.15,Normal,Medium,Diesel Truck,0,2129.24
SHP-00311,2025-10-21,VEND-022,2.9,Konya,Kocaeli,159.8,14.36,Normal,Low,Diesel Truck,0,311.11
SHP-00312,2025-10-21,VEND-023,4.9,Denizli,Sakarya,868.8,2.38,Storm,Low,Electric Semi,0,77.58
SHP-00313,2025-10-21,VEND-006,5.0,Trabzon,Gaziantep,887.1,15.35,Rain,High,Diesel Truck,0,1994.81
SHP-00314,2025-10-21,VEND-023,4.9,Eskisehir,Erzurum,1102.6,11.3,Normal,High,Diesel Truck,0,1762.41
SHP-00315,2025-10-21,VEND-003,4.6,Bursa,Diyarbakir,646.4,18.02,Normal,Medium,Diesel Truck,0,1526.68
SHP-00316,2025-10-21,VEND-013,3.8,Trabzon,Erzurum,419.9,2.13,Rain,Medium,Diesel Truck,0,126.52
SHP-00317,2025-10-21,VEND-012,4.9,Gaziantep,Sakarya,1001.9,18.06,Normal,Low,Diesel Truck,0,2330.26
SHP-00318,2025-10-21,VEND-008,4.2,Sakarya,Trabzon,936.4,7.89,Storm,Low,Diesel Truck,2,1037.66
SHP-00319,2025-10-21,VEND-001,4.4,Sakarya,Kayseri,625.4,16.64,Normal,High,Hybrid Van,1,923.09
SHP-00320,2025-10-22,VEND-020,3.6,Trabzon,Erzurum,933.0,16.05,Normal,Low,Hybrid Van,0,1222.01
SHP-00321,2025-10-22,VEND-009,1.9,Erzurum,Diyarbakir,358.1,6.44,Normal,Medium,Diesel Truck,0,321.92
SHP-00322,2025-10-22,VEND-017,3.2,Samsun,Adana,727.9,11.57,Normal,High,Diesel Truck,0,1203.77
SHP-00323,2025-10-23,VEND-011,2.9,Istanbul,Izmir,1045.0,21.06,Normal,Medium,Diesel Truck,0,2901.85
SHP-00324,2025-10-23,VEND-010,3.3,Trabzon,Istanbul,415.7,15.53,Rain,Medium,Diesel Truck,0,931.46
SHP-00325,2025-10-23,VEND-023,4.9,Sakarya,Antalya,606.1,2.65,Normal,Low,Diesel Truck,0,216.14
SHP-00326,2025-10-23,VEND-003,4.5,Izmir,Ankara,1143.7,11.63,Normal,Low,Hybrid Van,0,1054.2
SHP-00327,2025-10-24,VEND-019,4.2,Izmir,Gaziantep,967.9,8.48,Rain,Low,Diesel Truck,0,1101.07
SHP-00328,2025-10-24,VEND-019,4.4,Gaziantep,Izmir,1070.1,16.4,Rain,Low,Diesel Truck,0,2306.3
SHP-00329,2025-10-24,VEND-010,2.9,Diyarbakir,Van,493.0,15.75,Normal,Low,Electric Semi,0,268.92
SHP-00330,2025-10-24,VEND-007,4.1,Samsun,Ankara,1196.0,1.25,Normal,Low,Hybrid Van,0,121.51
SHP-00331,2025-10-24,VEND-001,4.2,Van,Kocaeli,225.5,15.58,Normal,Low,Diesel Truck,0,460.72
SHP-00332,2025-10-24,VEND-024,4.8,Malatya,Konya,646.6,18.64,Normal,Low,Diesel Truck,0,1605.82
SHP-00333,2025-10-24,VEND-024,5.0,Kocaeli,Bursa,601.2,19.45,Rain,High,Hybrid Van,0,1077.42
SHP-00334,2025-10-25,VEND-007,4.1,Denizli,Eskisehir,968.2,2.42,Normal,Low,Diesel Truck,0,327.1
SHP-00335,2025-10-25,VEND-001,4.4,Konya,Van,1094.9,8.29,Normal,Medium,Electric Semi,0,344.02
SHP-00336,2025-10-25,VEND-004,3.9,Ankara,Diyarbakir,890.8,11.11,Rain,High,Electric Semi,0,417.29
SHP-00337,2025-10-25,VEND-002,3.0,Adana,Van,770.8,5.31,Normal,Low,Diesel Truck,0,549.14
SHP-00338,2025-10-26,VEND-021,4.3,Kocaeli,Trabzon,541.5,11.1,Normal,Medium,Diesel Truck,0,834.34
SHP-00339,2025-10-27,VEND-023,4.9,Bursa,Denizli,636.9,2.71,Normal,High,Diesel Truck,0,251.88
SHP-00340,2025-10-27,VEND-004,3.9,Antalya,Izmir,635.7,3.72,Storm,Medium,Diesel Truck,1,363.06
SHP-00341,2025-10-27,VEND-019,4.3,Istanbul,Malatya,73.4,17.05,Rain,Low,Diesel Truck,0,172.35
SHP-00342,2025-10-27,VEND-005,1.6,Eskisehir,Sakarya,628.5,7.3,Normal,Medium,Hybrid Van,2,368.86
SHP-00343,2025-10-27,VEND-010,2.9,Malatya,Antalya,1034.4,18.07,Rain,Medium,Electric Semi,2,734.55
SHP-00344,2025-10-27,VEND-015,3.2,Diyarbakir,Konya,865.7,2.15,Normal,Medium,Hybrid Van,0,153.06
SHP-00345,2025-10-27,VEND-018,1.7,Adana,Trabzon,965.1,14.5,Normal,Low,Hybrid Van,0,1138.31
SHP-00346,2025-10-28,VEND-022,2.6,Kocaeli,Istanbul,499.1,10.39,Normal,Low,Electric Semi,0,178.16
SHP-00347,2025-10-28,VEND-002,3.0,Van,Sakarya,658.3,20.13,Normal,High,Diesel Truck,2,1968.12
SHP-00348,2025-10-28,VEND-005,1.9,Kocaeli,Gaziantep,88.5,19.81,Normal,Low,Diesel Truck,2,244.85
SHP-00349,2025-10-28,VEND-008,4.3,Gaziantep,Ankara,490.4,10.01,Storm,Low,Electric Semi,0,190.15
SHP-00350,2025-10-29,VEND-008,4.2,Konya,Adana,595.6,15.95,Normal,Medium,Electric Semi,0,360.34
SHP-00351,2025-10-29,VEND-025,4.4,Eskisehir,Diyarbakir,343.5,6.46,Rain,High,Diesel Truck,3,335.98
SHP-00352,2025-10-30,VEND-020,3.9,Mersin,Gaziantep,85.9,14.93,Rain,Low,Electric Semi,0,50.98
SHP-00353,2025-10-30,VEND-009,2.0,Diyarbakir,Samsun,844.0,2.95,Normal,Low,Diesel Truck,2,339.1
SHP-00354,2025-10-30,VEND-025,4.3,Malatya,Sakarya,550.4,11.43,Normal,Medium,Diesel Truck,0,835.67
SHP-00355,2025-10-30,VEND-013,4.0,Istanbul,Ankara,528.0,5.39,Normal,Medium,Hybrid Van,0,241.44
SHP-00356,2025-10-31,VEND-013,4.0,Eskisehir,Sakarya,337.5,22.2,Normal,Medium,Diesel Truck,0,1016.63
SHP-00357,2025-10-31,VEND-011,2.9,Adana,Gaziantep,668.5,11.68,Normal,High,Diesel Truck,0,1116.9
SHP-00358,2025-10-31,VEND-004,4.0,Samsun,Eskisehir,553.7,15.18,Storm,Low,Electric Semi,0,303.46
SHP-00359,2025-11-01,VEND-024,4.7,Gaziantep,Bursa,595.1,9.65,Snow,Low,Electric Semi,0,217.14
SHP-00360,2025-11-01,VEND-001,4.0,Adana,Izmir,718.0,7.93,Normal,Medium,Diesel Truck,0,745.77
SHP-00361,2025-11-01,VEND-005,1.9,Konya,Sakarya,57.3,5.87,Normal,Low,Electric Semi,0,12.27
SHP-00362,2025-11-01,VEND-006,4.7,Ankara,Diyarbakir,1093.9,22.88,Normal,Medium,Diesel Truck,0,3357.16
SHP-00363,2025-11-01,VEND-007,4.1,Sakarya,Van,131.8,20.19,Snow,High,Electric Semi,0,107.84
SHP-00364,2025-11-01,VEND-004,4.1,Izmir,Denizli,568.6,4.2,Normal,Low,Diesel Truck,0,310.22
SHP-00365,2025-11-01,VEND-001,4.3,Adana,Kayseri,288.5,18.92,Normal,Medium,Hybrid Van,1,415.64
SHP-00366,2025-11-02,VEND-017,3.6,Bursa,Antalya,652.3,11.04,Rain,Low,Hybrid Van,2,582.26
SHP-00367,2025-11-02,VEND-025,4.2,Bursa,Konya,372.3,1.37,Rain,Medium,Diesel Truck,0,79.18
SHP-00368,2025-11-02,VEND-004,3.7,Adana,Denizli,1039.0,13.68,Normal,Medium,Diesel Truck,0,1893.27
SHP-00369,2025-11-02,VEND-008,4.3,Erzurum,Konya,505.8,4.12,Rain,Medium,Diesel Truck,0,302.24
SHP-00370,2025-11-02,VEND-013,3.8,Erzurum,Kayseri,784.6,6.04,Normal,Low,Electric Semi,0,174.36
SHP-00371,2025-11-02,VEND-024,4.6,Adana,Bursa,336.2,17.7,Normal,High,Electric Semi,0,234.33
SHP-00372,2025-11-02,VEND-018,1.9,Samsun,Mersin,72.3,7.17,Normal,High,Electric Semi,1,22.27
SHP-00373,2025-11-02,VEND-020,3.6,Van,Antalya,514.8,22.41,Normal,High,Hybrid Van,0,1053.55
SHP-00374,2025-11-02,VEND-015,3.2,Antalya,Izmir,667.0,16.77,Snow,High,Diesel Truck,1,1652.73
SHP-00375,2025-11-02,VEND-011,2.7,Erzurum,Izmir,578.5,20.97,Rain,Low,Electric Semi,1,444.65
SHP-00376,2025-11-02,VEND-005,1.9,Izmir,Samsun,1156.3,15.76,Storm,Medium,Diesel Truck,0,2749.59
SHP-00377,2025-11-03,VEND-022,2.7,Antalya,Adana,862.9,21.85,Normal,Low,Electric Semi,1,652.75
SHP-00378,2025-11-03,VEND-021,4.1,Konya,Ankara,1195.0,9.68,Rain,High,Diesel Truck,0,1672.23
SHP-00379,2025-11-03,VEND-001,4.2,Istanbul,Samsun,389.3,14.18,Snow,Low,Hybrid Van,0,479.88
SHP-00380,2025-11-03,VEND-018,1.7,Diyarbakir,Bursa,957.4,13.38,Normal,Low,Diesel Truck,3,1598.93
SHP-00381,2025-11-03,VEND-003,4.5,Malatya,Istanbul,688.9,22.69,Snow,Medium,Diesel Truck,1,2175.54
SHP-00382,2025-11-03,VEND-019,4.7,Adana,Izmir,753.5,4.96,Rain,Low,Diesel Truck,0,498.5
SHP-00383,2025-11-03,VEND-021,4.2,Diyarbakir,Mersin,1183.7,14.87,Storm,Medium,Hybrid Van,0,1607.54
SHP-00384,2025-11-04,VEND-004,3.9,Sakarya,Van,802.1,19.11,Normal,Low,Diesel Truck,0,2013.8
SHP-00385,2025-11-04,VEND-011,2.5,Diyarbakir,Antalya,1083.6,9.88,Rain,Medium,Diesel Truck,0,1545.88
SHP-00386,2025-11-04,VEND-004,3.8,Diyarbakir,Gaziantep,884.6,21.82,Rain,High,Diesel Truck,0,2773.17
SHP-00387,2025-11-04,VEND-015,3.1,Kocaeli,Antalya,196.5,9.95,Snow,Medium,Diesel Truck,0,280.56
SHP-00388,2025-11-04,VEND-024,4.5,Izmir,Adana,854.3,5.16,Snow,Low,Hybrid Van,0,384.0
SHP-00389,2025-11-04,VEND-003,4.7,Erzurum,Denizli,607.0,15.02,Normal,Low,Hybrid Van,0,715.8
SHP-00390,2025-11-04,VEND-010,3.1,Trabzon,Konya,1106.6,11.09,Snow,Low,Hybrid Van,0,1026.0
SHP-00391,2025-11-04,VEND-025,4.4,Erzurum,Trabzon,977.9,1.36,Snow,Low,Hybrid Van,0,110.5
SHP-00392,2025-11-04,VEND-008,4.3,Van,Malatya,169.8,2.68,Rain,Medium,Diesel Truck,0,72.57
SHP-00393,2025-11-05,VEND-004,3.9,Bursa,Erzurum,204.0,5.69,Normal,Low,Diesel Truck,0,166.25
SHP-00394,2025-11-05,VEND-013,3.8,Mersin,Kocaeli,130.1,19.46,Normal,Low,Electric Semi,0,87.33
SHP-00395,2025-11-05,VEND-013,3.8,Bursa,Eskisehir,617.2,22.41,Normal,Low,Electric Semi,0,500.49
SHP-00396,2025-11-05,VEND-017,3.7,Ankara,Erzurum,142.9,14.1,Normal,High,Diesel Truck,0,296.4
SHP-00397,2025-11-06,VEND-008,4.0,Van,Eskisehir,882.2,3.53,Snow,Low,Electric Semi,0,110.92
SHP-00398,2025-11-06,VEND-024,4.3,Erzurum,Gaziantep,685.2,13.83,Normal,Low,Diesel Truck,0,1206.64
SHP-00399,2025-11-06,VEND-014,4.3,Erzurum,Izmir,1011.3,21.53,Rain,Medium,Diesel Truck,0,2953.38
SHP-00400,2025-11-06,VEND-008,4.3,Malatya,Izmir,371.8,18.99,Rain,Low,Diesel Truck,0,944.58
SHP-00401,2025-11-06,VEND-025,4.3,Trabzon,Malatya,647.0,7.99,Rain,High,Hybrid Van,0,479.05
SHP-00402,2025-11-06,VEND-024,4.7,Samsun,Kocaeli,185.1,3.97,Normal,Low,Electric Semi,0,28.73
SHP-00403,2025-11-06,VEND-013,3.7,Van,Gaziantep,1067.3,22.62,Rain,Medium,Diesel Truck,0,3225.82
SHP-00404,2025-11-07,VEND-001,4.4,Kocaeli,Konya,251.3,21.5,Rain,Medium,Hybrid Van,1,460.5
SHP-00405,2025-11-07,VEND-015,3.3,Trabzon,Gaziantep,167.7,2.29,Rain,High,Hybrid Van,0,38.28
SHP-00406,2025-11-07,VEND-014,4.4,Antalya,Diyarbakir,285.8,20.77,Normal,Medium,Diesel Truck,0,780.03
SHP-00407,2025-11-07,VEND-004,4.0,Eskisehir,Kocaeli,977.2,3.33,Storm,High,Hybrid Van,3,314.92
SHP-00408,2025-11-07,VEND-016,2.3,Diyarbakir,Malatya,171.7,2.52,Normal,Medium,Diesel Truck,0,66.82
SHP-00409,2025-11-07,VEND-022,2.6,Denizli,Gaziantep,756.6,19.21,Rain,Medium,Diesel Truck,1,1921.96
SHP-00410,2025-11-08,VEND-003,4.6,Kayseri,Mersin,908.1,13.87,Normal,Medium,Diesel Truck,0,1712.14
SHP-00411,2025-11-08,VEND-019,4.4,Bursa,Izmir,913.7,10.95,Normal,Medium,Diesel Truck,0,1311.78
SHP-00412,2025-11-08,VEND-004,3.9,Istanbul,Van,268.6,22.69,Storm,Medium,Diesel Truck,0,899.2
SHP-00413,2025-11-09,VEND-019,4.6,Trabzon,Kayseri,120.9,21.14,Normal,Low,Diesel Truck,0,353.22
SHP-00414,2025-11-09,VEND-011,2.4,Denizli,Samsun,566.1,2.38,Snow,Low,Diesel Truck,2,196.84
SHP-00415,2025-11-09,VEND-001,4.0,Sakarya,Adana,282.9,15.79,Snow,Medium,Electric Semi,0,174.93
SHP-00416,2025-11-09,VEND-025,4.0,Van,Gaziantep,854.2,19.53,Normal,Low,Electric Semi,0,576.1
SHP-00417,2025-11-10,VEND-005,1.7,Kayseri,Van,460.2,14.21,Normal,Medium,Diesel Truck,2,894.24
SHP-00418,2025-11-10,VEND-015,3.1,Diyarbakir,Kayseri,566.8,24.59,Normal,Low,Diesel Truck,0,1850.64
SHP-00419,2025-11-10,VEND-005,1.6,Eskisehir,Trabzon,180.5,17.47,Snow,Medium,Diesel Truck,1,467.15
SHP-00420,2025-11-10,VEND-024,4.5,Gaziantep,Istanbul,702.7,3.5,Rain,Medium,Hybrid Van,0,214.41
SHP-00421,2025-11-11,VEND-019,4.3,Diyarbakir,Gaziantep,263.4,5.76,Normal,Medium,Hybrid Van,0,131.24
SHP-00422,2025-11-11,VEND-021,4.6,Ankara,Diyarbakir,830.8,20.83,Rain,Medium,Diesel Truck,0,2322.95
SHP-00423,2025-11-11,VEND-011,3.1,Kocaeli,Ankara,131.8,24.92,Normal,Low,Electric Semi,0,113.89
SHP-00424,2025-11-11,VEND-012,4.6,Erzurum,Ankara,1172.3,3.36,Rain,Low,Electric Semi,0,146.59
SHP-00425,2025-11-12,VEND-016,2.2,Denizli,Diyarbakir,837.2,3.41,Rain,Medium,Hybrid Van,1,255.22
SHP-00426,2025-11-12,VEND-020,3.5,Erzurum,Gaziantep,259.0,19.32,Normal,High,Diesel Truck,0,726.39
SHP-00427,2025-11-12,VEND-022,2.4,Ankara,Konya,66.2,2.54,Storm,Medium,Diesel Truck,2,35.03
SHP-00428,2025-11-12,VEND-001,4.2,Samsun,Kocaeli,434.6,2.65,Normal,Medium,Electric Semi,0,44.14
SHP-00429,2025-11-13,VEND-017,3.3,Sakarya,Bursa,225.7,22.33,Rain,Medium,Diesel Truck,2,705.43
SHP-00430,2025-11-13,VEND-003,4.5,Trabzon,Istanbul,301.2,20.21,Rain,Medium,Diesel Truck,0,824.92
SHP-00431,2025-11-13,VEND-008,4.1,Malatya,Istanbul,1053.7,22.16,Snow,Medium,Diesel Truck,0,3499.97
SHP-00432,2025-11-13,VEND-021,4.1,Kayseri,Ankara,743.7,16.61,Rain,Medium,Diesel Truck,0,1768.73
SHP-00433,2025-11-14,VEND-007,4.2,Denizli,Bursa,252.9,8.74,Snow,Low,Electric Semi,0,88.1
SHP-00434,2025-11-14,VEND-020,3.8,Mersin,Eskisehir,690.2,22.75,Normal,Low,Electric Semi,0,586.89
SHP-00435,2025-11-14,VEND-012,4.8,Malatya,Gaziantep,344.1,8.17,Storm,Medium,Diesel Truck,0,403.28
SHP-00436,2025-11-14,VEND-006,4.7,Izmir,Ankara,1172.6,7.61,Normal,Medium,Hybrid Van,0,717.83
SHP-00437,2025-11-14,VEND-009,2.0,Gaziantep,Istanbul,87.7,22.27,Rain,High,Diesel Truck,1,271.24
SHP-00438,2025-11-14,VEND-014,4.3,Ankara,Samsun,892.2,17.34,Normal,Low,Hybrid Van,0,1275.87
SHP-00439,2025-11-15,VEND-020,3.8,Eskisehir,Diyarbakir,938.9,22.5,Snow,Low,Diesel Truck,0,2977.04
SHP-00440,2025-11-15,VEND-016,2.3,Antalya,Adana,127.2,4.74,Snow,High,Hybrid Van,3,61.08
SHP-00441,2025-11-15,VEND-024,4.4,Konya,Ankara,247.6,23.86,Normal,Low,Hybrid Van,0,459.09
SHP-00442,2025-11-15,VEND-022,2.7,Diyarbakir,Antalya,492.0,15.71,Rain,High,Hybrid Van,3,703.23
SHP-00443,2025-11-16,VEND-019,4.5,Adana,Samsun,1048.4,17.03,Rain,Low,Hybrid Van,0,1483.49
SHP-00444,2025-11-16,VEND-016,2.4,Izmir,Antalya,667.5,22.94,Normal,Medium,Diesel Truck,1,2127.37
SHP-00445,2025-11-16,VEND-008,4.3,Istanbul,Van,803.6,10.14,Rain,Medium,Electric Semi,2,309.63
SHP-00446,2025-11-17,VEND-011,3.0,Antalya,Sakarya,950.5,18.27,Rain,Low,Electric Semi,2,640.07
SHP-00447,2025-11-17,VEND-003,4.7,Erzurum,Konya,1002.3,16.37,Rain,Low,Diesel Truck,0,2197.01
SHP-00448,2025-11-17,VEND-010,3.1,Samsun,Van,597.7,19.91,Normal,Low,Hybrid Van,0,989.9
SHP-00449,2025-11-17,VEND-024,4.7,Van,Konya,635.1,22.53,Snow,Low,Diesel Truck,0,2017.76
SHP-00450,2025-11-18,VEND-011,3.1,Antalya,Izmir,875.7,17.32,Normal,Low,Diesel Truck,0,1909.23
SHP-00451,2025-11-18,VEND-003,4.8,Adana,Erzurum,352.8,2.62,Rain,High,Hybrid Van,0,91.99
SHP-00452,2025-11-19,VEND-017,3.2,Bursa,Van,1032.7,5.4,Normal,Low,Diesel Truck,0,759.9
SHP-00453,2025-11-19,VEND-025,4.1,Adana,Gaziantep,73.9,23.9,Normal,Medium,Diesel Truck,0,250.56
SHP-00454,2025-11-19,VEND-022,2.9,Kocaeli,Trabzon,275.1,24.25,Normal,Low,Diesel Truck,0,882.62
SHP-00455,2025-11-19,VEND-007,4.0,Diyarbakir,Bursa,970.2,24.22,Normal,High,Hybrid Van,3,2175.36
SHP-00456,2025-11-19,VEND-012,4.5,Adana,Denizli,441.3,1.88,Rain,High,Hybrid Van,0,75.82
SHP-00457,2025-11-19,VEND-014,4.3,Sakarya,Denizli,222.3,10.18,Rain,High,Diesel Truck,1,355.13
SHP-00458,2025-11-20,VEND-007,4.3,Trabzon,Eskisehir,264.8,19.23,Rain,High,Electric Semi,0,200.72
SHP-00459,2025-11-20,VEND-007,4.2,Gaziantep,Kocaeli,660.4,19.07,Rain,Low,Electric Semi,0,470.52
SHP-00460,2025-11-20,VEND-006,4.8,Erzurum,Denizli,1023.1,3.06,Normal,Medium,Electric Semi,0,115.93
SHP-00461,2025-11-20,VEND-025,4.1,Mersin,Kocaeli,131.2,15.63,Normal,Low,Electric Semi,1,70.54
SHP-00462,2025-11-20,VEND-019,4.3,Bursa,Diyarbakir,85.1,4.43,Rain,High,Hybrid Van,0,38.13
SHP-00463,2025-11-20,VEND-022,2.6,Van,Bursa,584.9,12.84,Rain,Medium,Diesel Truck,0,1086.72
SHP-00464,2025-11-20,VEND-021,4.5,Erzurum,Kayseri,1149.6,6.75,Rain,Medium,Diesel Truck,1,1082.3
SHP-00465,2025-11-20,VEND-024,4.6,Istanbul,Mersin,370.9,2.28,Normal,High,Electric Semi,0,33.57
SHP-00466,2025-11-20,VEND-003,4.6,Erzurum,Samsun,1153.0,2.92,Storm,High,Diesel Truck,0,519.49
SHP-00467,2025-11-21,VEND-023,4.8,Erzurum,Izmir,1070.8,22.86,Normal,High,Diesel Truck,0,3576.84
SHP-00468,2025-11-21,VEND-002,3.0,Diyarbakir,Konya,375.6,18.87,Rain,Low,Diesel Truck,0,1007.54
SHP-00469,2025-11-21,VEND-012,4.6,Gaziantep,Van,989.5,23.36,Normal,Low,Diesel Truck,0,2819.4
SHP-00470,2025-11-21,VEND-015,2.7,Trabzon,Ankara,838.7,12.28,Rain,Low,Hybrid Van,1,924.43
SHP-00471,2025-11-21,VEND-009,1.7,Samsun,Denizli,638.6,10.92,Normal,Medium,Diesel Truck,0,956.95
SHP-00472,2025-11-22,VEND-004,3.6,Trabzon,Denizli,536.4,9.6,Rain,Medium,Electric Semi,0,198.06
SHP-00473,2025-11-22,VEND-005,1.5,Trabzon,Kayseri,987.8,15.79,Normal,Low,Hybrid Van,0,1235.41
SHP-00474,2025-11-22,VEND-021,4.0,Trabzon,Istanbul,962.0,9.44,Rain,High,Diesel Truck,0,1346.5
SHP-00475,2025-11-22,VEND-008,4.5,Samsun,Istanbul,920.5,18.91,Normal,Low,Diesel Truck,0,2283.98
SHP-00476,2025-11-22,VEND-008,4.3,Denizli,Gaziantep,1198.0,20.23,Rain,Medium,Diesel Truck,0,3277.03
SHP-00477,2025-11-22,VEND-024,4.8,Samsun,Ankara,600.3,22.02,Normal,High,Diesel Truck,0,1853.16
SHP-00478,2025-11-22,VEND-004,4.0,Istanbul,Izmir,978.0,6.83,Normal,Medium,Diesel Truck,0,943.81
SHP-00479,2025-11-22,VEND-023,5.0,Istanbul,Antalya,1041.9,13.65,Rain,Medium,Electric Semi,0,509.91
SHP-00480,2025-11-22,VEND-024,4.5,Van,Bursa,293.3,6.36,Normal,Low,Diesel Truck,0,253.81
SHP-00481,2025-11-23,VEND-015,3.2,Erzurum,Sakarya,98.4,1.9,Normal,Low,Diesel Truck,0,31.95
SHP-00482,2025-11-23,VEND-005,1.9,Kocaeli,Denizli,515.5,17.99,Storm,Medium,Diesel Truck,4,1323.83
SHP-00483,2025-11-24,VEND-004,3.8,Bursa,Istanbul,1035.2,14.18,Storm,Medium,Diesel Truck,0,2279.7
SHP-00484,2025-11-24,VEND-008,4.4,Sakarya,Kocaeli,382.5,18.37,Storm,Low,Diesel Truck,0,966.67
SHP-00485,2025-11-24,VEND-015,3.2,Izmir,Bursa,855.0,3.1,Normal,High,Hybrid Van,0,229.59
SHP-00486,2025-11-24,VEND-004,3.8,Adana,Kayseri,58.5,24.89,Rain,Medium,Diesel Truck,0,210.15
SHP-00487,2025-11-24,VEND-012,4.5,Konya,Istanbul,458.7,24.86,Storm,High,Diesel Truck,3,1729.8
SHP-00488,2025-11-24,VEND-003,4.3,Istanbul,Izmir,757.8,12.16,Normal,Medium,Electric Semi,0,337.04
SHP-00489,2025-11-25,VEND-014,4.4,Diyarbakir,Izmir,199.2,21.79,Storm,High,Electric Semi,4,183.11
SHP-00490,2025-11-25,VEND-001,4.2,Samsun,Mersin,1081.1,6.85,Normal,Low,Electric Semi,0,262.53
SHP-00491,2025-11-25,VEND-018,1.6,Konya,Kayseri,229.7,18.7,Snow,Low,Diesel Truck,2,598.15
SHP-00492,2025-11-25,VEND-002,3.0,Samsun,Konya,1096.3,22.1,Rain,High,Electric Semi,0,942.2
SHP-00493,2025-11-25,VEND-005,1.9,Istanbul,Trabzon,298.8,20.55,Rain,High,Diesel Truck,0,931.11
SHP-00494,2025-11-25,VEND-005,1.9,Mersin,Eskisehir,1193.4,20.48,Rain,Medium,Hybrid Van,2,2091.73
SHP-00495,2025-11-25,VEND-021,4.4,Samsun,Eskisehir,745.5,12.11,Normal,Low,Diesel Truck,0,1164.07
SHP-00496,2025-11-26,VEND-002,3.2,Konya,Trabzon,147.0,20.68,Normal,Low,Electric Semi,0,112.69
SHP-00497,2025-11-26,VEND-011,2.6,Diyarbakir,Samsun,125.1,17.58,Storm,High,Electric Semi,4,92.89
SHP-00498,2025-11-26,VEND-015,3.4,Antalya,Samsun,136.2,4.18,Rain,High,Electric Semi,0,25.07
SHP-00499,2025-11-26,VEND-013,3.7,Izmir,Gaziantep,728.4,3.74,Rain,Low,Diesel Truck,0,386.74
SHP-00500,2025-11-26,VEND-018,1.9,Samsun,Kayseri,981.0,19.53,Normal,Low,Electric Semi,1,698.02
SHP-00501,2025-11-26,VEND-021,4.2,Malatya,Istanbul,513.4,16.01,Rain,Medium,Electric Semi,0,316.2
SHP-00502,2025-11-26,VEND-010,3.0,Adana,Van,561.6,13.47,Normal,Medium,Diesel Truck,0,1031.05
SHP-00503,2025-11-27,VEND-021,3.9,Istanbul,Mersin,727.7,22.77,Normal,Medium,Diesel Truck,0,2244.23
SHP-00504,2025-11-27,VEND-008,4.3,Van,Eskisehir,663.0,16.83,Snow,Medium,Diesel Truck,0,1596.16
SHP-00505,2025-11-28,VEND-025,4.0,Mersin,Van,841.3,10.51,Rain,High,Diesel Truck,0,1226.16
SHP-00506,2025-11-29,VEND-013,3.9,Bursa,Samsun,592.6,10.93,Rain,Low,Hybrid Van,0,549.43
SHP-00507,2025-11-29,VEND-019,4.6,Trabzon,Malatya,870.9,15.53,Snow,Medium,Diesel Truck,0,1961.41
SHP-00508,2025-11-29,VEND-022,2.6,Konya,Samsun,1196.9,19.25,Normal,Medium,Electric Semi,0,861.04
SHP-00509,2025-11-29,VEND-020,3.7,Erzurum,Izmir,452.8,14.54,Snow,Medium,Electric Semi,0,254.78
SHP-00510,2025-11-29,VEND-022,2.6,Gaziantep,Istanbul,64.0,13.21,Rain,High,Electric Semi,0,35.93
SHP-00511,2025-11-29,VEND-014,4.3,Kocaeli,Izmir,194.5,18.45,Rain,Medium,Electric Semi,0,130.52
SHP-00512,2025-11-29,VEND-002,3.1,Samsun,Erzurum,686.5,17.93,Normal,Medium,Electric Semi,0,433.83
SHP-00513,2025-11-29,VEND-013,3.8,Antalya,Samsun,445.9,20.93,Normal,Low,Diesel Truck,0,1130.53
SHP-00514,2025-11-30,VEND-005,2.1,Kayseri,Konya,1131.0,2.5,Normal,Medium,Diesel Truck,2,389.02
SHP-00515,2025-11-30,VEND-023,4.8,Izmir,Kayseri,771.6,19.12,Normal,Low,Hybrid Van,0,1156.79
SHP-00516,2025-11-30,VEND-006,5.0,Trabzon,Antalya,648.4,13.33,Normal,Low,Hybrid Van,0,676.61
SHP-00517,2025-12-01,VEND-006,4.9,Sakarya,Malatya,967.7,2.79,Storm,Medium,Diesel Truck,0,407.26
SHP-00518,2025-12-01,VEND-007,4.3,Van,Erzurum,347.4,17.3,Snow,Medium,Hybrid Van,3,527.62
SHP-00519,2025-12-01,VEND-017,3.3,Konya,Ankara,992.7,18.2,Normal,High,Hybrid Van,0,1525.76
SHP-00520,2025-12-01,VEND-015,3.1,Gaziantep,Eskisehir,53.5,13.57,Snow,Medium,Diesel Truck,1,121.48
SHP-00521,2025-12-01,VEND-024,4.6,Samsun,Konya,762.6,20.05,Snow,High,Electric Semi,0,625.04
SHP-00522,2025-12-01,VEND-011,2.7,Denizli,Istanbul,1125.0,8.21,Snow,Low,Electric Semi,3,333.07
SHP-00523,2025-12-01,VEND-008,4.4,Van,Malatya,956.0,5.85,Snow,Medium,Diesel Truck,0,794.02
SHP-00524,2025-12-01,VEND-002,3.1,Istanbul,Izmir,1031.7,9.42,Snow,High,Diesel Truck,0,1474.78
SHP-00525,2025-12-02,VEND-001,4.3,Antalya,Bursa,506.5,10.84,Normal,Medium,Diesel Truck,1,746.68
SHP-00526,2025-12-02,VEND-010,3.3,Gaziantep,Istanbul,997.9,17.7,Rain,High,Hybrid Van,1,1668.21
SHP-00527,2025-12-02,VEND-024,4.8,Gaziantep,Kayseri,683.5,21.29,Snow,Medium,Diesel Truck,2,2089.26
SHP-00528,2025-12-02,VEND-014,4.3,Kayseri,Trabzon,761.3,18.3,Snow,Low,Hybrid Van,0,1251.64
SHP-00529,2025-12-02,VEND-023,5.0,Malatya,Konya,117.8,5.18,Snow,Medium,Electric Semi,0,24.87
SHP-00530,2025-12-02,VEND-003,4.4,Istanbul,Izmir,281.8,9.79,Snow,Low,Electric Semi,0,105.27
SHP-00531,2025-12-02,VEND-003,4.5,Diyarbakir,Izmir,683.6,4.8,Normal,Low,Diesel Truck,0,447.89
SHP-00532,2025-12-02,VEND-021,4.1,Trabzon,Erzurum,117.6,17.48,Normal,Low,Diesel Truck,0,285.1
SHP-00533,2025-12-02,VEND-003,4.7,Trabzon,Diyarbakir,902.7,6.96,Storm,Low,Diesel Truck,0,925.8
SHP-00534,2025-12-02,VEND-002,3.1,Denizli,Erzurum,1016.1,13.61,Normal,Medium,Diesel Truck,1,1862.69
SHP-00535,2025-12-03,VEND-011,2.8,Izmir,Kocaeli,1108.4,20.0,Storm,High,Diesel Truck,4,3432.56
SHP-00536,2025-12-03,VEND-024,4.8,Eskisehir,Samsun,167.0,17.1,Snow,Medium,Diesel Truck,0,386.98
SHP-00537,2025-12-03,VEND-018,1.4,Antalya,Sakarya,1130.7,8.16,Storm,High,Diesel Truck,3,1426.01
SHP-00538,2025-12-03,VEND-003,4.2,Samsun,Trabzon,127.8,8.99,Normal,Medium,Electric Semi,0,44.8
SHP-00539,2025-12-04,VEND-021,4.3,Denizli,Mersin,595.2,16.68,Snow,Low,Diesel Truck,0,1413.59
SHP-00540,2025-12-04,VEND-022,2.7,Trabzon,Gaziantep,1016.3,14.19,Normal,Low,Diesel Truck,0,1877.88
SHP-00541,2025-12-04,VEND-021,4.2,Konya,Samsun,130.9,3.31,Snow,High,Hybrid Van,0,47.38
SHP-00542,2025-12-04,VEND-023,4.7,Adana,Ankara,71.0,21.98,Normal,Medium,Diesel Truck,0,216.78
SHP-00543,2025-12-04,VEND-006,4.9,Kayseri,Bursa,78.7,13.3,Snow,High,Hybrid Van,0,100.1
SHP-00544,2025-12-04,VEND-025,4.5,Istanbul,Sakarya,638.0,12.36,Storm,Low,Electric Semi,0,295.49
SHP-00545,2025-12-04,VEND-009,2.0,Eskisehir,Malatya,983.3,5.76,Rain,Medium,Diesel Truck,1,770.44
SHP-00546,2025-12-05,VEND-021,4.2,Ankara,Izmir,196.5,10.05,Storm,High,Hybrid Van,1,196.03
SHP-00547,2025-12-05,VEND-015,3.0,Kayseri,Ankara,193.3,8.99,Normal,High,Hybrid Van,1,158.69
SHP-00548,2025-12-05,VEND-020,3.6,Denizli,Ankara,703.8,7.5,Rain,Low,Electric Semi,1,195.35
SHP-00549,2025-12-05,VEND-016,2.0,Ankara,Diyarbakir,319.4,14.62,Snow,High,Diesel Truck,3,708.24
SHP-00550,2025-12-05,VEND-017,3.4,Van,Gaziantep,889.7,12.09,Snow,Medium,Diesel Truck,1,1547.65
SHP-00551,2025-12-05,VEND-016,2.4,Adana,Konya,1142.1,22.34,Normal,High,Diesel Truck,0,3418.36
SHP-00552,2025-12-05,VEND-020,3.5,Istanbul,Ankara,930.9,23.59,Snow,Medium,Hybrid Van,0,1963.01
SHP-00553,2025-12-05,VEND-019,4.3,Denizli,Van,1058.8,6.27,Snow,Medium,Diesel Truck,0,963.07
SHP-00554,2025-12-05,VEND-004,3.7,Kocaeli,Mersin,647.5,3.4,Snow,Medium,Diesel Truck,0,313.61
SHP-00555,2025-12-06,VEND-021,4.1,Trabzon,Diyarbakir,1007.2,19.85,Rain,High,Diesel Truck,0,2944.55
SHP-00556,2025-12-06,VEND-014,4.4,Sakarya,Denizli,260.3,24.88,Normal,Low,Diesel Truck,0,843.34
SHP-00557,2025-12-06,VEND-009,1.6,Kayseri,Izmir,128.6,21.73,Snow,Medium,Diesel Truck,0,430.97
SHP-00558,2025-12-06,VEND-013,3.9,Diyarbakir,Sakarya,804.3,1.57,Rain,Medium,Diesel Truck,0,178.54
SHP-00559,2025-12-06,VEND-025,4.3,Adana,Kocaeli,109.7,7.03,Rain,Medium,Hybrid Van,0,71.07
SHP-00560,2025-12-06,VEND-022,2.7,Samsun,Trabzon,1076.4,2.04,Snow,Medium,Diesel Truck,0,312.93
SHP-00561,2025-12-06,VEND-021,3.8,Bursa,Antalya,845.3,20.7,Normal,Medium,Diesel Truck,0,2334.28
SHP-00562,2025-12-07,VEND-012,4.6,Trabzon,Malatya,1145.0,14.95,Snow,Medium,Diesel Truck,0,2482.44
SHP-00563,2025-12-07,VEND-020,3.9,Gaziantep,Erzurum,411.0,13.33,Normal,Medium,Diesel Truck,1,744.28
SHP-00564,2025-12-07,VEND-010,2.7,Denizli,Adana,609.1,14.31,Snow,Medium,Electric Semi,1,337.9
SHP-00565,2025-12-07,VEND-018,1.6,Diyarbakir,Ankara,902.9,7.06,Snow,Medium,Diesel Truck,2,931.56
SHP-00566,2025-12-08,VEND-016,2.1,Malatya,Diyarbakir,329.2,15.44,Snow,High,Hybrid Van,2,471.7
SHP-00567,2025-12-08,VEND-007,4.3,Erzurum,Diyarbakir,673.1,1.74,Snow,Medium,Hybrid Van,2,110.56
SHP-00568,2025-12-08,VEND-007,4.1,Izmir,Samsun,808.4,16.5,Snow,Low,Hybrid Van,0,1124.95
SHP-00569,2025-12-08,VEND-002,3.1,Izmir,Trabzon,1175.6,18.63,Normal,Medium,Hybrid Van,0,1821.01
SHP-00570,2025-12-08,VEND-004,4.0,Erzurum,Antalya,906.4,17.15,Snow,Low,Diesel Truck,0,2173.86
SHP-00571,2025-12-08,VEND-011,3.1,Adana,Ankara,185.9,8.97,Snow,Low,Electric Semi,1,63.89
SHP-00572,2025-12-08,VEND-012,4.7,Istanbul,Erzurum,596.6,20.83,Storm,High,Diesel Truck,0,1966.03
SHP-00573,2025-12-08,VEND-005,1.9,Gaziantep,Samsun,727.1,18.17,Rain,Medium,Hybrid Van,1,1147.26
SHP-00574,2025-12-08,VEND-011,2.6,Diyarbakir,Gaziantep,218.6,4.08,Normal,Medium,Diesel Truck,0,130.72
SHP-00575,2025-12-08,VEND-016,2.5,Adana,Eskisehir,546.8,5.68,Storm,High,Diesel Truck,2,484.39
SHP-00576,2025-12-09,VEND-006,4.8,Ankara,Istanbul,376.6,16.29,Snow,Low,Diesel Truck,2,826.48
SHP-00577,2025-12-09,VEND-009,1.8,Eskisehir,Ankara,186.7,7.95,Rain,Low,Electric Semi,0,52.69
SHP-00578,2025-12-09,VEND-010,3.1,Bursa,Gaziantep,638.8,3.87,Rain,Low,Electric Semi,2,86.12
SHP-00579,2025-12-09,VEND-013,3.6,Adana,Kayseri,240.5,4.72,Storm,Low,Diesel Truck,0,176.9
SHP-00580,2025-12-10,VEND-010,3.1,Istanbul,Adana,729.1,4.97,Normal,Medium,Diesel Truck,0,465.16
SHP-00581,2025-12-10,VEND-019,4.5,Trabzon,Bursa,245.2,12.47,Snow,High,Diesel Truck,0,489.74
SHP-00582,2025-12-10,VEND-009,1.9,Mersin,Konya,882.1,15.58,Normal,Medium,Hybrid Van,3,1119.33
SHP-00583,2025-12-10,VEND-011,2.6,Malatya,Konya,274.5,5.23,Normal,Low,Diesel Truck,0,201.56
SHP-00584,2025-12-10,VEND-010,3.1,Konya,Samsun,1080.7,18.1,Normal,Medium,Diesel Truck,0,2477.63
SHP-00585,2025-12-10,VEND-005,1.9,Antalya,Kocaeli,80.1,7.74,Snow,Low,Electric Semi,0,24.42
SHP-00586,2025-12-10,VEND-018,1.4,Bursa,Malatya,650.3,8.48,Snow,Medium,Electric Semi,1,223.78
SHP-00587,2025-12-11,VEND-006,4.7,Antalya,Diyarbakir,418.1,6.36,Normal,Medium,Hybrid Van,0,230.22
SHP-00588,2025-12-11,VEND-008,4.4,Kayseri,Gaziantep,308.8,19.84,Normal,Low,Electric Semi,0,213.75
SHP-00589,2025-12-11,VEND-020,3.7,Ankara,Erzurum,592.3,24.04,Rain,High,Hybrid Van,1,1219.65
SHP-00590,2025-12-11,VEND-024,4.7,Mersin,Samsun,1018.3,12.82,Normal,High,Diesel Truck,0,1801.19
SHP-00591,2025-12-11,VEND-017,3.7,Malatya,Bursa,1102.6,2.01,Snow,Low,Diesel Truck,0,326.96
SHP-00592,2025-12-11,VEND-023,5.0,Sakarya,Konya,398.7,7.25,Normal,Medium,Hybrid Van,0,242.1
SHP-00593,2025-12-11,VEND-022,2.8,Trabzon,Sakarya,227.4,4.79,Storm,Medium,Diesel Truck,0,167.67
SHP-00594,2025-12-11,VEND-013,4.2,Malatya,Sakarya,878.2,21.23,Rain,Low,Hybrid Van,0,1553.5
SHP-00595,2025-12-11,VEND-020,3.7,Sakarya,Adana,719.3,3.04,Rain,Low,Diesel Truck,0,289.27
SHP-00596,2025-12-12,VEND-009,1.8,Denizli,Izmir,281.2,24.2,Rain,Medium,Diesel Truck,0,967.9
SHP-00597,2025-12-12,VEND-012,4.8,Malatya,Bursa,924.3,15.12,Normal,High,Diesel Truck,0,1982.02
SHP-00598,2025-12-12,VEND-014,4.5,Izmir,Ankara,646.8,13.43,Normal,Medium,Electric Semi,0,320.55
SHP-00599,2025-12-12,VEND-025,4.1,Diyarbakir,Denizli,801.4,21.34,Normal,Medium,Hybrid Van,0,1402.29
SHP-00600,2025-12-12,VEND-022,2.5,Gaziantep,Samsun,463.2,1.66,Normal,Medium,Diesel Truck,1,106.98
SHP-00601,2025-12-12,VEND-013,4.1,Eskisehir,Mersin,555.0,19.65,Snow,Medium,Diesel Truck,0,1551.59
SHP-00602,2025-12-12,VEND-017,3.4,Erzurum,Trabzon,257.4,3.8,Normal,Low,Diesel Truck,0,137.75
SHP-00603,2025-12-12,VEND-006,4.8,Kayseri,Diyarbakir,920.0,21.18,Normal,Medium,Diesel Truck,0,2674.02
SHP-00604,2025-12-12,VEND-021,4.3,Ankara,Diyarbakir,230.6,13.7,Normal,High,Diesel Truck,0,461.0
SHP-00605,2025-12-13,VEND-014,4.4,Adana,Izmir,945.0,2.47,Snow,High,Hybrid Van,2,228.39
SHP-00606,2025-12-13,VEND-014,4.4,Mersin,Trabzon,967.7,21.0,Snow,High,Diesel Truck,3,3070.82
SHP-00607,2025-12-13,VEND-020,3.8,Erzurum,Diyarbakir,908.6,1.66,Snow,Low,Diesel Truck,0,216.69
SHP-00608,2025-12-13,VEND-016,2.1,Erzurum,Eskisehir,72.3,4.32,Storm,Medium,Diesel Truck,1,53.81
SHP-00609,2025-12-13,VEND-002,3.1,Kocaeli,Konya,364.1,20.15,Snow,Medium,Diesel Truck,0,1090.67
SHP-00610,2025-12-13,VEND-008,4.6,Van,Adana,588.6,12.16,Rain,Low,Diesel Truck,0,975.07
SHP-00611,2025-12-14,VEND-005,1.9,Mersin,Malatya,734.9,22.15,Snow,Low,Electric Semi,3,595.39
SHP-00612,2025-12-14,VEND-019,4.3,Mersin,Istanbul,1107.1,16.25,Snow,High,Electric Semi,3,703.06
SHP-00613,2025-12-14,VEND-001,4.1,Diyarbakir,Kayseri,481.9,15.96,Normal,Medium,Hybrid Van,0,665.41
SHP-00614,2025-12-15,VEND-006,4.8,Denizli,Izmir,1056.3,8.01,Rain,Medium,Diesel Truck,0,1160.32
SHP-00615,2025-12-15,VEND-015,3.1,Samsun,Malatya,237.9,4.21,Normal,Low,Electric Semi,0,36.63
SHP-00616,2025-12-15,VEND-018,1.6,Kayseri,Istanbul,477.0,24.07,Normal,Medium,Hybrid Van,0,1027.12
SHP-00617,2025-12-16,VEND-013,3.9,Eskisehir,Istanbul,110.1,3.52,Snow,Low,Hybrid Van,0,38.0
SHP-00618,2025-12-16,VEND-022,2.4,Sakarya,Konya,903.9,13.7,Normal,Low,Hybrid Van,0,1042.75
SHP-00619,2025-12-16,VEND-023,5.0,Kayseri,Bursa,223.3,7.54,Snow,Medium,Diesel Truck,0,246.07
SHP-00620,2025-12-16,VEND-004,3.8,Istanbul,Samsun,345.6,7.34,Snow,Low,Hybrid Van,0,226.4
SHP-00621,2025-12-16,VEND-024,4.7,Izmir,Konya,941.5,15.27,Rain,High,Hybrid Van,0,1308.68
SHP-00622,2025-12-16,VEND-016,2.1,Izmir,Adana,664.9,20.15,Rain,Medium,Hybrid Van,0,1165.07
SHP-00623,2025-12-16,VEND-016,2.5,Kayseri,Kocaeli,66.1,19.65,Storm,Low,Electric Semi,2,53.79
SHP-00624,2025-12-17,VEND-003,4.7,Trabzon,Samsun,52.6,21.85,Snow,Low,Hybrid Van,0,100.85
SHP-00625,2025-12-17,VEND-016,2.4,Diyarbakir,Erzurum,637.3,8.03,Normal,Medium,Diesel Truck,0,700.61
SHP-00626,2025-12-17,VEND-019,4.2,Antalya,Samsun,400.7,12.18,Normal,Low,Electric Semi,0,167.65
SHP-00627,2025-12-17,VEND-015,3.2,Sakarya,Samsun,257.4,1.22,Storm,Low,Electric Semi,0,13.85
SHP-00628,2025-12-17,VEND-003,4.6,Denizli,Trabzon,755.6,18.92,Snow,Medium,Electric Semi,0,543.94
SHP-00629,2025-12-18,VEND-014,4.2,Ankara,Antalya,312.7,8.26,Normal,Low,Hybrid Van,0,217.09
SHP-00630,2025-12-18,VEND-024,4.6,Adana,Denizli,731.0,14.48,Rain,Medium,Diesel Truck,0,1409.19
SHP-00631,2025-12-18,VEND-019,4.5,Konya,Malatya,486.2,5.06,Snow,Medium,Diesel Truck,0,367.34
SHP-00632,2025-12-18,VEND-004,4.0,Malatya,Konya,264.8,20.67,Normal,Low,Diesel Truck,0,705.65
SHP-00633,2025-12-19,VEND-024,4.6,Erzurum,Bursa,208.8,20.61,Normal,High,Electric Semi,0,171.0
SHP-00634,2025-12-19,VEND-024,4.6,Diyarbakir,Konya,322.4,22.06,Storm,Medium,Electric Semi,0,281.16
SHP-00635,2025-12-19,VEND-005,2.0,Samsun,Gaziantep,84.3,2.1,Normal,Medium,Hybrid Van,0,18.59
SHP-00636,2025-12-19,VEND-021,4.4,Kayseri,Trabzon,404.3,24.82,Normal,Low,Hybrid Van,0,797.42
SHP-00637,2025-12-19,VEND-011,2.4,Konya,Malatya,1087.2,6.95,Storm,Medium,Electric Semi,2,291.11
SHP-00638,2025-12-19,VEND-015,3.1,Sakarya,Kocaeli,1006.1,8.43,Snow,Low,Diesel Truck,3,1206.81
SHP-00639,2025-12-19,VEND-012,4.7,Ankara,Bursa,477.8,6.98,Storm,Medium,Electric Semi,0,128.61
SHP-00640,2025-12-19,VEND-020,3.4,Gaziantep,Konya,712.2,7.42,Rain,Low,Hybrid Van,0,436.04
SHP-00641,2025-12-19,VEND-025,4.2,Izmir,Eskisehir,702.5,14.26,Storm,High,Electric Semi,0,422.65
SHP-00642,2025-12-20,VEND-020,3.9,Kayseri,Konya,1003.0,6.76,Storm,Low,Hybrid Van,0,618.7
SHP-00643,2025-12-20,VEND-024,4.4,Gaziantep,Trabzon,321.7,10.45,Snow,High,Hybrid Van,0,318.16
SHP-00644,2025-12-20,VEND-024,4.7,Bursa,Eskisehir,390.8,16.73,Snow,High,Diesel Truck,0,993.09
SHP-00645,2025-12-20,VEND-003,4.4,Adana,Konya,397.1,21.06,Snow,Medium,Electric Semi,1,326.99
SHP-00646,2025-12-20,VEND-007,4.1,Malatya,Trabzon,97.0,17.63,Snow,Low,Diesel Truck,0,228.95
SHP-00647,2025-12-20,VEND-019,4.6,Kocaeli,Adana,411.9,15.26,Snow,Medium,Diesel Truck,3,876.91
SHP-00648,2025-12-20,VEND-015,3.0,Diyarbakir,Izmir,1059.6,4.55,Normal,High,Diesel Truck,0,690.37
SHP-00649,2025-12-20,VEND-002,3.1,Erzurum,Adana,1098.8,20.59,Snow,Medium,Diesel Truck,0,3181.61
SHP-00650,2025-12-20,VEND-003,4.2,Erzurum,Mersin,176.1,1.89,Snow,Medium,Diesel Truck,0,53.8
SHP-00651,2025-12-20,VEND-014,4.7,Adana,Istanbul,576.8,7.34,Normal,Low,Electric Semi,0,153.53
SHP-00652,2025-12-21,VEND-016,2.4,Malatya,Diyarbakir,488.6,2.37,Normal,High,Diesel Truck,0,175.75
SHP-00653,2025-12-21,VEND-005,1.8,Erzurum,Samsun,612.8,17.02,Storm,Low,Diesel Truck,2,1479.19
SHP-00654,2025-12-22,VEND-005,1.9,Van,Istanbul,687.9,9.84,Rain,Low,Diesel Truck,0,895.56
SHP-00655,2025-12-22,VEND-004,3.7,Adana,Malatya,73.3,16.65,Snow,Low,Diesel Truck,2,177.08
SHP-00656,2025-12-23,VEND-015,3.3,Antalya,Malatya,1018.6,9.33,Storm,Medium,Hybrid Van,3,871.69
SHP-00657,2025-12-23,VEND-001,4.2,Kocaeli,Istanbul,1169.7,11.94,Normal,High,Diesel Truck,0,1990.03
SHP-00658,2025-12-23,VEND-015,3.1,Erzurum,Bursa,801.4,11.99,Normal,High,Diesel Truck,0,1401.3
SHP-00659,2025-12-23,VEND-012,4.6,Erzurum,Konya,809.5,2.09,Snow,Low,Hybrid Van,0,144.18
SHP-00660,2025-12-23,VEND-012,4.6,Kocaeli,Kayseri,657.2,11.33,Normal,Medium,Hybrid Van,0,625.5
SHP-00661,2025-12-24,VEND-017,3.5,Izmir,Eskisehir,434.4,16.39,Snow,High,Electric Semi,0,302.33
SHP-00662,2025-12-24,VEND-014,4.4,Mersin,Kayseri,221.3,14.11,Normal,Medium,Hybrid Van,0,273.71
SHP-00663,2025-12-24,VEND-019,4.5,Eskisehir,Kocaeli,721.7,2.81,Rain,Low,Diesel Truck,0,290.93
SHP-00664,2025-12-24,VEND-020,3.7,Kocaeli,Istanbul,101.7,17.03,Storm,Medium,Hybrid Van,0,161.49
SHP-00665,2025-12-24,VEND-024,4.7,Konya,Denizli,998.2,8.41,Normal,Medium,Diesel Truck,0,1144.39
SHP-00666,2025-12-25,VEND-020,3.6,Konya,Erzurum,534.0,1.35,Snow,High,Diesel Truck,1,117.01
SHP-00667,2025-12-25,VEND-013,4.1,Ankara,Samsun,527.0,4.73,Snow,Medium,Diesel Truck,0,346.21
SHP-00668,2025-12-26,VEND-013,3.6,Gaziantep,Kayseri,426.2,12.94,Normal,Low,Hybrid Van,0,427.24
SHP-00669,2025-12-26,VEND-006,5.0,Denizli,Gaziantep,1164.8,8.45,Rain,Medium,Diesel Truck,0,1372.25
SHP-00670,2025-12-26,VEND-015,3.3,Antalya,Van,251.2,17.67,Snow,Low,Diesel Truck,0,618.12
SHP-00671,2025-12-26,VEND-004,3.8,Van,Istanbul,224.0,6.78,Snow,High,Diesel Truck,3,249.68
SHP-00672,2025-12-26,VEND-024,4.9,Ankara,Konya,240.4,19.55,Storm,Medium,Electric Semi,0,193.8
SHP-00673,2025-12-27,VEND-022,2.8,Kocaeli,Izmir,807.3,7.88,Snow,Low,Diesel Truck,0,866.87
SHP-00674,2025-12-27,VEND-003,4.6,Kayseri,Malatya,1190.7,15.9,Normal,Medium,Diesel Truck,0,2630.99
SHP-00675,2025-12-27,VEND-020,3.7,Diyarbakir,Kayseri,320.8,20.18,Normal,Low,Diesel Truck,0,837.43
SHP-00676,2025-12-27,VEND-003,4.5,Malatya,Erzurum,1091.5,10.25,Snow,Low,Hybrid Van,0,972.49
SHP-00677,2025-12-27,VEND-019,4.4,Samsun,Denizli,370.4,2.12,Snow,Medium,Diesel Truck,0,124.29
SHP-00678,2025-12-28,VEND-003,4.6,Trabzon,Samsun,795.1,13.85,Snow,High,Hybrid Van,2,1070.33
SHP-00679,2025-12-28,VEND-013,4.0,Denizli,Kayseri,96.6,24.89,Normal,High,Diesel Truck,2,347.41
SHP-00680,2025-12-28,VEND-017,3.4,Samsun,Bursa,620.0,24.26,Storm,Medium,Diesel Truck,1,2272.34
SHP-00681,2025-12-28,VEND-019,4.3,Bursa,Kocaeli,802.8,6.3,Snow,Low,Diesel Truck,0,665.79
SHP-00682,2025-12-29,VEND-011,2.9,Mersin,Eskisehir,666.8,19.14,Normal,Medium,Diesel Truck,0,1801.24
SHP-00683,2025-12-29,VEND-024,4.7,Antalya,Van,323.5,9.28,Storm,Medium,Diesel Truck,0,447.0
SHP-00684,2025-12-29,VEND-020,3.8,Kayseri,Kocaeli,1002.8,4.85,Storm,Low,Diesel Truck,0,691.41
SHP-00685,2025-12-29,VEND-006,5.0,Trabzon,Erzurum,1165.7,16.98,Normal,High,Hybrid Van,0,1639.5
SHP-00686,2025-12-29,VEND-017,3.4,Antalya,Erzurum,578.1,13.02,Rain,High,Diesel Truck,1,1104.66
SHP-00687,2025-12-30,VEND-019,4.3,Antalya,Samsun,781.3,13.94,Normal,Low,Diesel Truck,0,1481.77
SHP-00688,2025-12-30,VEND-009,1.8,Diyarbakir,Mersin,959.0,20.86,Snow,High,Diesel Truck,5,3002.71
SHP-00689,2025-12-30,VEND-019,4.2,Adana,Izmir,327.7,9.08,Normal,Medium,Diesel Truck,0,419.4
SHP-00690,2025-12-30,VEND-023,4.9,Bursa,Konya,1044.1,17.01,Normal,Low,Diesel Truck,0,2319.22
SHP-00691,2025-12-30,VEND-021,4.2,Eskisehir,Malatya,372.2,9.79,Normal,Medium,Diesel Truck,0,516.94
SHP-00692,2025-12-30,VEND-020,3.6,Eskisehir,Izmir,942.2,2.03,Normal,Low,Diesel Truck,0,258.12
SHP-00693,2025-12-31,VEND-016,1.9,Diyarbakir,Adana,178.9,10.07,Normal,Low,Diesel Truck,1,235.43
SHP-00694,2026-01-02,VEND-007,4.0,Sakarya,Denizli,381.6,23.8,Rain,High,Hybrid Van,0,829.13
SHP-00695,2026-01-02,VEND-020,3.9,Van,Antalya,663.7,12.6,Snow,Medium,Electric Semi,0,339.9
SHP-00696,2026-01-04,VEND-010,3.0,Kocaeli,Van,653.7,3.6,Normal,Low,Hybrid Van,0,195.14
SHP-00697,2026-01-04,VEND-014,4.5,Gaziantep,Denizli,1028.0,17.51,Normal,Medium,Diesel Truck,0,2433.43
SHP-00698,2026-01-04,VEND-008,4.1,Malatya,Istanbul,1195.5,24.12,Rain,High,Hybrid Van,0,2795.36
SHP-00699,2026-01-04,VEND-008,4.5,Gaziantep,Antalya,173.3,22.79,Snow,Medium,Diesel Truck,0,594.82
SHP-00700,2026-01-05,VEND-004,3.9,Gaziantep,Sakarya,362.1,14.73,Rain,High,Diesel Truck,0,814.14
SHP-00701,2026-01-05,VEND-025,4.2,Diyarbakir,Malatya,461.2,10.03,Normal,High,Hybrid Van,0,415.39
SHP-00702,2026-01-05,VEND-004,4.2,Malatya,Erzurum,600.8,14.94,Storm,Low,Diesel Truck,0,1296.66
SHP-00703,2026-01-05,VEND-003,4.7,Konya,Malatya,618.0,20.58,Snow,Medium,Diesel Truck,0,1873.43
SHP-00704,2026-01-05,VEND-024,4.6,Eskisehir,Ankara,1034.6,21.67,Normal,Medium,Hybrid Van,0,1747.06
SHP-00705,2026-01-06,VEND-014,4.3,Erzurum,Denizli,936.1,20.65,Snow,High,Electric Semi,0,799.99
SHP-00706,2026-01-06,VEND-011,2.8,Sakarya,Izmir,71.7,11.93,Snow,Medium,Diesel Truck,0,130.77
SHP-00707,2026-01-06,VEND-019,4.5,Istanbul,Izmir,573.3,3.85,Rain,Low,Diesel Truck,0,299.23
SHP-00708,2026-01-07,VEND-010,3.1,Denizli,Eskisehir,760.8,14.66,Snow,Low,Diesel Truck,0,1536.35
SHP-00709,2026-01-07,VEND-004,3.8,Bursa,Samsun,579.5,4.75,Snow,Medium,Hybrid Van,3,235.63
SHP-00710,2026-01-08,VEND-019,4.6,Diyarbakir,Trabzon,200.2,2.46,Rain,High,Diesel Truck,2,77.19
SHP-00711,2026-01-08,VEND-005,1.8,Ankara,Malatya,507.1,12.97,Normal,High,Diesel Truck,0,984.82
SHP-00712,2026-01-09,VEND-014,4.7,Van,Ankara,523.4,16.73,Rain,Medium,Diesel Truck,0,1244.99
SHP-00713,2026-01-09,VEND-024,4.6,Bursa,Kocaeli,265.9,21.5,Normal,Low,Hybrid Van,0,427.95
SHP-00714,2026-01-09,VEND-024,4.9,Mersin,Diyarbakir,919.8,19.79,Storm,Low,Hybrid Van,0,1549.78
SHP-00715,2026-01-09,VEND-010,3.2,Antalya,Kayseri,419.6,21.57,Snow,High,Diesel Truck,0,1417.73
SHP-00716,2026-01-09,VEND-020,3.8,Diyarbakir,Kayseri,727.3,19.24,Snow,Medium,Hybrid Van,0,1228.1
SHP-00717,2026-01-10,VEND-016,2.2,Adana,Samsun,643.1,17.88,Rain,High,Diesel Truck,1,1766.29
SHP-00718,2026-01-11,VEND-012,4.6,Eskisehir,Erzurum,1059.0,1.24,Rain,Low,Hybrid Van,0,115.86
SHP-00719,2026-01-11,VEND-004,4.0,Ankara,Istanbul,190.3,16.03,Normal,Medium,Diesel Truck,0,403.62
SHP-00720,2026-01-11,VEND-010,3.2,Kayseri,Malatya,181.4,3.89,Storm,High,Diesel Truck,2,117.97
SHP-00721,2026-01-11,VEND-017,3.4,Erzurum,Sakarya,395.4,2.41,Normal,Low,Diesel Truck,0,130.11
SHP-00722,2026-01-12,VEND-025,4.0,Erzurum,Sakarya,545.9,4.75,Snow,Low,Hybrid Van,0,214.79
SHP-00723,2026-01-13,VEND-001,4.0,Antalya,Mersin,393.3,20.76,Snow,Medium,Hybrid Van,3,692.88
SHP-00724,2026-01-13,VEND-018,1.5,Adana,Samsun,927.7,18.85,Normal,Medium,Electric Semi,1,622.66
SHP-00725,2026-01-14,VEND-022,2.4,Mersin,Adana,332.1,23.77,Snow,High,Diesel Truck,2,1182.72
SHP-00726,2026-01-14,VEND-024,4.6,Kocaeli,Antalya,147.5,24.5,Storm,High,Diesel Truck,0,572.43
SHP-00727,2026-01-14,VEND-011,3.0,Samsun,Malatya,525.9,22.44,Snow,Medium,Diesel Truck,0,1753.33
SHP-00728,2026-01-15,VEND-003,4.5,Izmir,Samsun,939.4,4.19,Storm,Low,Diesel Truck,0,569.92
SHP-00729,2026-01-15,VEND-007,3.9,Sakarya,Denizli,1028.1,22.08,Normal,Medium,Diesel Truck,0,3146.7
SHP-00730,2026-01-15,VEND-022,2.7,Antalya,Ankara,893.3,21.13,Snow,High,Electric Semi,4,765.88
SHP-00731,2026-01-15,VEND-022,2.7,Konya,Sakarya,691.6,21.91,Normal,Medium,Electric Semi,2,563.13
SHP-00732,2026-01-16,VEND-016,2.6,Diyarbakir,Trabzon,882.8,4.64,Storm,High,Hybrid Van,2,392.3
SHP-00733,2026-01-16,VEND-004,3.7,Denizli,Van,833.6,3.8,Normal,Medium,Diesel Truck,1,430.81
SHP-00734,2026-01-16,VEND-004,3.8,Adana,Izmir,319.5,23.17,Snow,Low,Diesel Truck,0,1087.13
SHP-00735,2026-01-17,VEND-012,5.0,Erzurum,Samsun,683.4,5.17,Snow,Medium,Diesel Truck,0,479.15
SHP-00736,2026-01-17,VEND-015,3.2,Adana,Samsun,936.2,9.85,Normal,Medium,Diesel Truck,0,1184.54
SHP-00737,2026-01-17,VEND-001,4.3,Kocaeli,Samsun,414.7,11.94,Rain,Low,Electric Semi,0,182.11
SHP-00738,2026-01-18,VEND-018,1.7,Antalya,Ankara,802.1,3.99,Snow,Low,Hybrid Van,1,273.44
SHP-00739,2026-01-18,VEND-014,4.4,Bursa,Kayseri,603.7,1.5,Normal,Medium,Diesel Truck,0,125.11
SHP-00740,2026-01-18,VEND-001,4.3,Kayseri,Gaziantep,628.6,24.86,Storm,Low,Diesel Truck,0,2132.98
SHP-00741,2026-01-18,VEND-003,4.4,Kocaeli,Trabzon,153.6,22.04,Snow,Low,Hybrid Van,0,283.24
SHP-00742,2026-01-18,VEND-012,4.8,Diyarbakir,Antalya,816.1,22.9,Rain,Medium,Diesel Truck,0,2680.98
SHP-00743,2026-01-18,VEND-019,4.2,Adana,Kayseri,1045.5,7.83,Snow,High,Diesel Truck,0,1295.67
SHP-00744,2026-01-18,VEND-021,4.2,Malatya,Kocaeli,212.6,6.28,Storm,Medium,Electric Semi,0,56.84
SHP-00745,2026-01-19,VEND-011,2.8,Trabzon,Ankara,471.0,11.22,Snow,High,Electric Semi,0,207.05
SHP-00746,2026-01-19,VEND-008,4.2,Ankara,Sakarya,106.0,11.88,Normal,High,Diesel Truck,1,181.13
SHP-00747,2026-01-19,VEND-025,4.2,Eskisehir,Denizli,84.1,1.13,Normal,Medium,Hybrid Van,0,11.55
SHP-00748,2026-01-19,VEND-012,4.6,Kocaeli,Ankara,1188.1,19.7,Normal,Low,Hybrid Van,0,1949.0
SHP-00749,2026-01-20,VEND-008,4.1,Adana,Ankara,617.5,24.92,Snow,High,Diesel Truck,2,2371.17
SHP-00750,2026-01-20,VEND-012,4.6,Kayseri,Malatya,458.8,13.69,Snow,Low,Diesel Truck,0,876.1
SHP-00751,2026-01-20,VEND-001,4.0,Konya,Gaziantep,366.1,10.32,Snow,High,Electric Semi,0,157.01
SHP-00752,2026-01-21,VEND-008,4.3,Trabzon,Malatya,1177.0,10.43,Normal,Medium,Electric Semi,0,447.65
SHP-00753,2026-01-22,VEND-013,3.6,Kocaeli,Kayseri,340.1,3.31,Storm,Medium,Diesel Truck,2,167.53
SHP-00754,2026-01-22,VEND-023,5.0,Mersin,Konya,884.6,7.39,Snow,Medium,Diesel Truck,0,960.24
SHP-00755,2026-01-22,VEND-019,4.2,Gaziantep,Konya,376.3,13.05,Snow,Medium,Electric Semi,0,190.06
SHP-00756,2026-01-23,VEND-020,3.6,Adana,Denizli,131.1,11.36,Normal,High,Diesel Truck,2,213.78
SHP-00757,2026-01-23,VEND-014,4.3,Kayseri,Izmir,835.8,14.08,Snow,Low,Diesel Truck,0,1658.2
SHP-00758,2026-01-23,VEND-003,4.7,Kayseri,Adana,51.9,21.38,Normal,High,Diesel Truck,1,165.34
SHP-00759,2026-01-23,VEND-010,3.1,Konya,Adana,827.1,6.41,Normal,Low,Diesel Truck,0,701.98
SHP-00760,2026-01-24,VEND-025,4.2,Kocaeli,Izmir,337.9,1.66,Snow,High,Hybrid Van,0,56.77
SHP-00761,2026-01-25,VEND-002,3.1,Antalya,Adana,908.0,1.92,Storm,High,Electric Semi,4,76.26
SHP-00762,2026-01-25,VEND-022,2.4,Samsun,Kocaeli,935.2,4.22,Rain,Medium,Diesel Truck,0,561.84
SHP-00763,2026-01-25,VEND-018,1.7,Izmir,Denizli,882.7,14.69,Storm,Low,Hybrid Van,0,1094.84
SHP-00764,2026-01-26,VEND-008,4.6,Kayseri,Ankara,78.2,20.4,Snow,High,Diesel Truck,0,253.57
SHP-00765,2026-01-26,VEND-020,3.7,Sakarya,Malatya,859.3,22.28,Normal,High,Diesel Truck,0,2775.79
SHP-00766,2026-01-26,VEND-021,4.2,Diyarbakir,Malatya,1188.7,16.24,Snow,Low,Diesel Truck,1,2709.58
SHP-00767,2026-01-26,VEND-002,3.1,Denizli,Eskisehir,329.0,10.68,Rain,Medium,Electric Semi,4,137.49
SHP-00768,2026-01-26,VEND-003,4.6,Eskisehir,Erzurum,365.4,4.71,Normal,High,Electric Semi,0,66.65
SHP-00769,2026-01-26,VEND-017,3.1,Ankara,Kayseri,985.6,10.63,Rain,Low,Hybrid Van,0,884.8
SHP-00770,2026-01-26,VEND-025,3.9,Konya,Diyarbakir,234.5,8.98,Storm,Medium,Diesel Truck,0,300.09
SHP-00771,2026-01-26,VEND-001,4.2,Denizli,Eskisehir,809.7,21.88,Normal,Medium,Diesel Truck,0,2394.9
SHP-00772,2026-01-27,VEND-017,3.3,Diyarbakir,Samsun,918.3,12.68,Rain,Low,Diesel Truck,0,1554.46
SHP-00773,2026-01-27,VEND-004,4.1,Kocaeli,Bursa,92.7,6.43,Snow,High,Hybrid Van,3,62.88
SHP-00774,2026-01-27,VEND-017,3.4,Malatya,Samsun,686.8,7.93,Storm,Low,Diesel Truck,1,769.68
SHP-00775,2026-01-28,VEND-016,2.0,Gaziantep,Erzurum,712.3,4.28,Snow,High,Electric Semi,2,128.47
SHP-00776,2026-01-28,VEND-003,4.3,Bursa,Van,399.0,23.05,Snow,Medium,Electric Semi,0,337.67
SHP-00777,2026-01-28,VEND-018,1.3,Ankara,Kayseri,1057.8,2.21,Rain,Medium,Diesel Truck,3,330.59
SHP-00778,2026-01-29,VEND-023,4.9,Kocaeli,Antalya,237.2,1.31,Rain,Medium,Diesel Truck,0,50.52
SHP-00779,2026-01-29,VEND-022,2.7,Denizli,Sakarya,468.8,5.39,Storm,Medium,Diesel Truck,3,406.01
SHP-00780,2026-01-29,VEND-001,4.1,Gaziantep,Ankara,1026.0,20.46,Storm,High,Electric Semi,0,857.13
SHP-00781,2026-01-30,VEND-007,4.4,Sakarya,Izmir,269.2,13.56,Normal,Medium,Hybrid Van,0,308.55
SHP-00782,2026-01-30,VEND-007,4.4,Eskisehir,Samsun,994.6,16.02,Rain,High,Diesel Truck,0,2364.85
SHP-00783,2026-01-30,VEND-012,4.7,Adana,Van,140.9,9.59,Normal,Medium,Hybrid Van,0,111.02
SHP-00784,2026-01-30,VEND-004,3.6,Antalya,Adana,612.6,2.65,Rain,Low,Diesel Truck,0,222.05
SHP-00785,2026-01-30,VEND-022,2.8,Eskisehir,Mersin,136.6,21.55,Snow,Low,Diesel Truck,1,419.15
SHP-00786,2026-01-31,VEND-020,3.8,Denizli,Konya,829.6,5.61,Storm,High,Hybrid Van,2,448.22
SHP-00787,2026-01-31,VEND-021,4.2,Bursa,Kayseri,959.2,1.79,Rain,Medium,Hybrid Van,0,140.97
SHP-00788,2026-01-31,VEND-005,1.9,Gaziantep,Istanbul,1027.3,14.74,Storm,Medium,Diesel Truck,2,2182.26
SHP-00789,2026-01-31,VEND-001,4.0,Kayseri,Trabzon,1178.5,3.0,Snow,Medium,Electric Semi,0,142.3
SHP-00790,2026-01-31,VEND-023,5.0,Samsun,Trabzon,822.8,3.3,Rain,Medium,Hybrid Van,0,241.15
SHP-00791,2026-02-01,VEND-008,4.2,Bursa,Konya,934.4,20.21,Rain,Medium,Hybrid Van,0,1681.88
SHP-00792,2026-02-01,VEND-017,3.5,Erzurum,Gaziantep,631.6,12.8,Snow,Medium,Electric Semi,0,304.31
SHP-00793,2026-02-01,VEND-023,4.6,Adana,Sakarya,1099.6,6.8,Normal,High,Diesel Truck,0,1119.48
SHP-00794,2026-02-02,VEND-001,4.1,Adana,Bursa,790.3,9.37,Storm,Low,Diesel Truck,0,1046.92
SHP-00795,2026-02-02,VEND-001,4.4,Ankara,Istanbul,1066.1,18.5,Storm,Medium,Electric Semi,0,814.15
SHP-00796,2026-02-03,VEND-001,4.2,Malatya,Istanbul,320.8,2.59,Snow,Low,Diesel Truck,1,122.99
SHP-00797,2026-02-03,VEND-004,4.0,Antalya,Malatya,621.2,3.8,Snow,High,Diesel Truck,0,344.59
SHP-00798,2026-02-03,VEND-002,3.0,Van,Konya,889.3,15.79,Snow,Medium,Diesel Truck,0,2072.71
SHP-00799,2026-02-03,VEND-021,4.2,Kayseri,Ankara,283.1,15.57,Storm,Medium,Diesel Truck,3,643.92
SHP-00800,2026-02-03,VEND-016,2.5,Malatya,Diyarbakir,293.0,24.34,Normal,High,Diesel Truck,0,1017.01
SHP-00801,2026-02-03,VEND-025,4.2,Bursa,Izmir,1174.7,9.99,Storm,Medium,Diesel Truck,0,1647.43
SHP-00802,2026-02-04,VEND-021,3.9,Bursa,Adana,549.8,2.56,Snow,Low,Diesel Truck,0,212.28
SHP-00803,2026-02-04,VEND-025,4.1,Diyarbakir,Istanbul,259.1,13.9,Snow,Medium,Diesel Truck,0,516.75
SHP-00804,2026-02-05,VEND-006,5.0,Diyarbakir,Trabzon,431.2,16.32,Snow,Low,Hybrid Van,0,629.39
SHP-00805,2026-02-05,VEND-008,4.4,Samsun,Eskisehir,507.0,4.35,Normal,High,Electric Semi,0,85.44
SHP-00806,2026-02-05,VEND-022,2.5,Istanbul,Sakarya,766.5,14.27,Snow,Medium,Diesel Truck,3,1532.49
SHP-00807,2026-02-05,VEND-007,4.1,Erzurum,Antalya,1111.5,5.75,Snow,High,Diesel Truck,2,1016.81
SHP-00808,2026-02-05,VEND-002,2.9,Adana,Konya,1184.6,21.27,Snow,High,Diesel Truck,3,3820.18
SHP-00809,2026-02-05,VEND-017,3.3,Erzurum,Malatya,799.5,21.04,Snow,High,Electric Semi,1,686.92
SHP-00810,2026-02-06,VEND-021,4.0,Malatya,Sakarya,854.9,11.31,Storm,Medium,Electric Semi,2,367.11
SHP-00811,2026-02-06,VEND-025,4.1,Malatya,Istanbul,420.1,24.2,Storm,Low,Electric Semi,0,380.61
SHP-00812,2026-02-06,VEND-024,4.5,Denizli,Eskisehir,1035.7,24.51,Normal,Medium,Electric Semi,1,937.48
SHP-00813,2026-02-07,VEND-004,4.0,Denizli,Diyarbakir,300.5,4.1,Normal,High,Diesel Truck,0,177.77
SHP-00814,2026-02-07,VEND-020,3.8,Samsun,Kocaeli,172.3,9.83,Snow,High,Diesel Truck,2,261.76
SHP-00815,2026-02-07,VEND-022,2.7,Istanbul,Denizli,1169.2,15.41,Snow,High,Diesel Truck,4,2705.84
SHP-00816,2026-02-07,VEND-018,1.6,Adana,Istanbul,1043.8,3.04,Snow,Low,Diesel Truck,0,446.63
SHP-00817,2026-02-07,VEND-021,4.2,Eskisehir,Istanbul,399.2,10.18,Rain,Low,Diesel Truck,0,576.91
SHP-00818,2026-02-07,VEND-021,4.1,Diyarbakir,Istanbul,826.4,7.27,Normal,High,Electric Semi,0,230.86
SHP-00819,2026-02-07,VEND-012,4.5,Kocaeli,Bursa,587.1,23.85,Normal,Low,Diesel Truck,0,1790.43
SHP-00820,2026-02-08,VEND-002,2.9,Eskisehir,Van,421.6,10.88,Snow,Medium,Electric Semi,0,193.36
SHP-00821,2026-02-09,VEND-012,4.6,Istanbul,Denizli,379.8,19.3,Snow,Medium,Diesel Truck,0,1045.55
SHP-00822,2026-02-09,VEND-006,4.7,Kayseri,Sakarya,206.4,10.28,Snow,Low,Diesel Truck,0,299.14
SHP-00823,2026-02-09,VEND-003,4.5,Samsun,Gaziantep,681.7,4.16,Rain,Medium,Electric Semi,0,106.77
SHP-00824,2026-02-10,VEND-004,4.0,Malatya,Erzurum,563.6,21.72,Storm,High,Diesel Truck,2,1884.29
SHP-00825,2026-02-10,VEND-018,1.5,Konya,Bursa,639.0,1.01,Snow,High,Diesel Truck,2,107.41
SHP-00826,2026-02-11,VEND-013,3.8,Antalya,Erzurum,297.7,2.34,Normal,Medium,Diesel Truck,0,105.33
SHP-00827,2026-02-11,VEND-014,4.4,Adana,Istanbul,1129.4,9.75,Snow,Medium,Electric Semi,0,431.7
SHP-00828,2026-02-11,VEND-019,4.5,Bursa,Istanbul,784.4,17.49,Storm,High,Diesel Truck,0,2197.06
SHP-00829,2026-02-12,VEND-014,4.4,Kocaeli,Ankara,1084.5,9.2,Normal,Medium,Hybrid Van,0,860.41
SHP-00830,2026-02-12,VEND-016,2.1,Trabzon,Diyarbakir,175.7,2.59,Normal,Medium,Hybrid Van,1,42.28
SHP-00831,2026-02-12,VEND-003,4.3,Diyarbakir,Antalya,766.3,8.63,Snow,Medium,Hybrid Van,0,594.27
SHP-00832,2026-02-13,VEND-022,2.7,Van,Mersin,1026.9,6.88,Snow,Low,Diesel Truck,0,1014.71
SHP-00833,2026-02-13,VEND-012,4.9,Ankara,Kayseri,430.6,1.13,Snow,Low,Electric Semi,0,18.99
SHP-00834,2026-02-13,VEND-004,3.6,Antalya,Diyarbakir,274.4,13.84,Snow,High,Diesel Truck,0,628.83
SHP-00835,2026-02-13,VEND-021,4.3,Konya,Adana,354.8,3.8,Rain,Medium,Hybrid Van,0,117.98
SHP-00836,2026-02-14,VEND-019,4.6,Antalya,Istanbul,363.9,7.9,Snow,Low,Diesel Truck,0,400.37
SHP-00837,2026-02-14,VEND-002,3.0,Diyarbakir,Adana,564.3,16.39,Snow,Low,Diesel Truck,0,1236.33
SHP-00838,2026-02-15,VEND-005,1.9,Izmir,Konya,424.9,18.4,Normal,High,Diesel Truck,0,1086.84
SHP-00839,2026-02-15,VEND-001,4.1,Istanbul,Eskisehir,362.0,7.32,Snow,Medium,Hybrid Van,2,245.06
SHP-00840,2026-02-15,VEND-007,4.2,Malatya,Eskisehir,795.8,8.9,Normal,Medium,Hybrid Van,0,633.85
SHP-00841,2026-02-15,VEND-003,4.3,Van,Ankara,111.0,6.93,Rain,Low,Diesel Truck,0,109.35
SHP-00842,2026-02-16,VEND-018,1.3,Antalya,Diyarbakir,441.4,23.97,Rain,High,Diesel Truck,1,1583.78
SHP-00843,2026-02-16,VEND-014,4.5,Konya,Ankara,843.2,5.57,Snow,High,Hybrid Van,1,445.69
SHP-00844,2026-02-16,VEND-025,4.1,Samsun,Trabzon,252.2,5.4,Normal,Medium,Hybrid Van,0,120.99
SHP-00845,2026-02-16,VEND-019,4.3,Samsun,Adana,304.1,11.68,Rain,Low,Hybrid Van,0,316.55
SHP-00846,2026-02-16,VEND-016,2.1,Van,Gaziantep,280.8,5.54,Snow,Medium,Diesel Truck,2,242.33
SHP-00847,2026-02-16,VEND-013,3.6,Mersin,Samsun,51.1,4.76,Normal,High,Electric Semi,0,10.94
SHP-00848,2026-02-16,VEND-002,3.0,Istanbul,Konya,594.8,3.3,Snow,High,Hybrid Van,1,190.74
SHP-00849,2026-02-17,VEND-002,2.9,Mersin,Diyarbakir,94.8,16.36,Snow,High,Diesel Truck,2,249.02
SHP-00850,2026-02-17,VEND-016,2.4,Kocaeli,Van,363.9,15.69,Normal,Medium,Diesel Truck,1,779.79
SHP-00851,2026-02-17,VEND-001,4.3,Samsun,Diyarbakir,1194.0,16.6,Normal,Low,Diesel Truck,0,2499.67
SHP-00852,2026-02-17,VEND-002,3.0,Samsun,Mersin,1106.2,19.56,Snow,Medium,Diesel Truck,0,3035.18
SHP-00853,2026-02-17,VEND-006,4.9,Erzurum,Kayseri,297.3,8.83,Normal,High,Hybrid Van,0,243.52
SHP-00854,2026-02-17,VEND-023,5.0,Diyarbakir,Mersin,406.5,23.04,Normal,Low,Diesel Truck,0,1271.55
SHP-00855,2026-02-17,VEND-012,4.5,Gaziantep,Diyarbakir,583.3,18.6,Snow,Low,Diesel Truck,0,1494.16
SHP-00856,2026-02-18,VEND-018,1.7,Adana,Kocaeli,1021.1,20.31,Snow,Medium,Diesel Truck,1,3004.25
SHP-00857,2026-02-18,VEND-011,3.0,Denizli,Mersin,973.0,18.3,Snow,Medium,Hybrid Van,5,1631.31
SHP-00858,2026-02-18,VEND-005,2.0,Mersin,Adana,195.2,9.6,Storm,High,Hybrid Van,4,173.5
SHP-00859,2026-02-18,VEND-010,2.9,Mersin,Adana,193.1,7.79,Snow,Low,Diesel Truck,0,212.88
SHP-00860,2026-02-19,VEND-003,4.5,Bursa,Kocaeli,529.2,11.14,Snow,Low,Electric Semi,0,233.64
SHP-00861,2026-02-20,VEND-020,3.9,Gaziantep,Eskisehir,1050.6,3.33,Snow,Low,Diesel Truck,3,494.98
SHP-00862,2026-02-20,VEND-005,1.9,Eskisehir,Mersin,1064.4,11.83,Snow,Medium,Hybrid Van,0,1077.14
SHP-00863,2026-02-20,VEND-010,3.1,Diyarbakir,Sakarya,173.5,2.04,Snow,High,Electric Semi,2,16.25
SHP-00864,2026-02-20,VEND-025,4.2,Sakarya,Diyarbakir,710.4,1.09,Storm,Medium,Diesel Truck,0,125.79
SHP-00865,2026-02-20,VEND-015,3.0,Konya,Kayseri,229.0,23.36,Rain,Medium,Hybrid Van,1,427.36
SHP-00866,2026-02-21,VEND-012,4.7,Izmir,Erzurum,839.0,17.54,Storm,Low,Diesel Truck,0,2085.75
SHP-00867,2026-02-21,VEND-014,4.4,Bursa,Antalya,1103.9,14.48,Storm,Medium,Electric Semi,0,623.03
SHP-00868,2026-02-21,VEND-020,3.7,Adana,Erzurum,573.0,9.19,Rain,High,Diesel Truck,0,746.02
SHP-00869,2026-02-22,VEND-007,4.2,Samsun,Gaziantep,145.5,14.69,Rain,High,Electric Semi,0,86.67
SHP-00870,2026-02-22,VEND-016,2.2,Malatya,Samsun,716.1,22.4,Snow,Low,Diesel Truck,0,2209.8
SHP-00871,2026-02-23,VEND-022,2.8,Malatya,Gaziantep,519.8,16.66,Rain,Medium,Diesel Truck,1,1213.63
SHP-00872,2026-02-23,VEND-015,3.5,Istanbul,Kayseri,982.5,15.46,Normal,Low,Diesel Truck,0,1961.91
SHP-00873,2026-02-23,VEND-012,4.4,Eskisehir,Konya,441.4,12.04,Normal,Low,Hybrid Van,0,416.01
SHP-00874,2026-02-23,VEND-004,3.9,Gaziantep,Eskisehir,1056.1,9.3,Normal,Low,Diesel Truck,0,1228.75
SHP-00875,2026-02-24,VEND-007,4.1,Bursa,Ankara,364.8,17.77,Snow,Low,Electric Semi,0,237.07
SHP-00876,2026-02-24,VEND-024,4.7,Kocaeli,Diyarbakir,231.1,24.54,Rain,Low,Diesel Truck,0,787.4
SHP-00877,2026-02-24,VEND-014,4.4,Istanbul,Erzurum,402.5,11.19,Normal,High,Hybrid Van,0,403.55
SHP-00878,2026-02-25,VEND-008,4.4,Konya,Kocaeli,90.2,10.41,Snow,Low,Diesel Truck,0,137.59
SHP-00879,2026-02-25,VEND-011,3.0,Kocaeli,Samsun,373.4,11.27,Normal,High,Electric Semi,3,158.56
SHP-00880,2026-02-25,VEND-015,3.1,Gaziantep,Eskisehir,809.1,11.21,Normal,High,Hybrid Van,0,793.56
SHP-00881,2026-02-26,VEND-014,4.6,Kocaeli,Bursa,213.6,24.77,Snow,Medium,Diesel Truck,0,784.03
SHP-00882,2026-02-26,VEND-018,1.3,Kayseri,Sakarya,178.1,17.96,Storm,Medium,Diesel Truck,2,483.25
SHP-00883,2026-02-26,VEND-007,4.4,Sakarya,Antalya,202.2,9.62,Snow,High,Hybrid Van,0,183.44
SHP-00884,2026-02-27,VEND-017,3.5,Bursa,Denizli,139.2,9.92,Snow,Low,Diesel Truck,0,183.19
SHP-00885,2026-02-27,VEND-012,4.9,Ankara,Konya,1055.8,11.34,Snow,Medium,Diesel Truck,1,1689.74
SHP-00886,2026-02-27,VEND-024,4.4,Samsun,Sakarya,1135.7,1.88,Normal,Medium,Diesel Truck,0,292.69
SHP-00887,2026-02-27,VEND-004,3.8,Gaziantep,Diyarbakir,103.5,13.67,Snow,High,Hybrid Van,3,132.92
SHP-00888,2026-02-27,VEND-004,3.9,Eskisehir,Bursa,924.1,20.47,Snow,High,Hybrid Van,3,1747.25
SHP-00889,2026-02-28,VEND-012,4.7,Ankara,Trabzon,897.7,16.85,Normal,High,Electric Semi,0,598.32
SHP-00890,2026-02-28,VEND-013,3.8,Kocaeli,Kayseri,1196.4,5.76,Snow,Medium,Electric Semi,4,267.25
SHP-00891,2026-02-28,VEND-018,1.9,Van,Gaziantep,450.1,18.47,Rain,Medium,Diesel Truck,2,1200.88
SHP-00892,2026-02-28,VEND-011,2.5,Ankara,Trabzon,378.3,18.27,Snow,High,Diesel Truck,1,1009.15
SHP-00893,2026-02-28,VEND-023,5.0,Konya,Van,571.0,7.3,Storm,High,Diesel Truck,0,647.28
SHP-00894,2026-02-28,VEND-012,4.7,Diyarbakir,Istanbul,1035.1,15.95,Storm,Medium,Diesel Truck,0,2278.93
SHP-00895,2026-02-28,VEND-004,3.9,Samsun,Van,887.9,15.66,Normal,High,Diesel Truck,0,1971.59
SHP-00896,2026-02-28,VEND-003,4.3,Bursa,Malatya,592.4,21.15,Snow,High,Electric Semi,1,496.97
SHP-00897,2026-02-28,VEND-025,4.3,Antalya,Kocaeli,331.2,4.27,Storm,Medium,Diesel Truck,0,223.77
SHP-00898,2026-02-28,VEND-004,3.5,Sakarya,Kocaeli,886.1,5.68,Normal,Low,Diesel Truck,0,670.44
SHP-00899,2026-03-01,VEND-024,4.7,Malatya,Adana,1032.7,12.66,Normal,Low,Diesel Truck,0,1759.61
SHP-00900,2026-03-01,VEND-007,4.0,Adana,Izmir,509.9,2.06,Storm,High,Diesel Truck,3,169.51
SHP-00901,2026-03-01,VEND-003,4.5,Kayseri,Kocaeli,818.9,10.97,Normal,Low,Diesel Truck,0,1139.86
SHP-00902,2026-03-01,VEND-008,4.3,Sakarya,Diyarbakir,510.2,19.92,Rain,Medium,Diesel Truck,0,1378.94
SHP-00903,2026-03-01,VEND-016,2.5,Bursa,Gaziantep,600.3,4.57,Rain,Medium,Diesel Truck,1,393.71
SHP-00904,2026-03-01,VEND-011,2.8,Antalya,Eskisehir,653.6,12.04,Normal,High,Diesel Truck,1,1195.7
SHP-00905,2026-03-02,VEND-020,3.6,Sakarya,Eskisehir,942.1,24.75,Rain,High,Hybrid Van,2,2144.19
SHP-00906,2026-03-02,VEND-016,2.2,Bursa,Sakarya,1174.1,13.14,Normal,High,Hybrid Van,0,1346.72
SHP-00907,2026-03-03,VEND-011,3.0,Sakarya,Konya,561.0,12.96,Snow,Medium,Hybrid Van,2,641.96
SHP-00908,2026-03-03,VEND-016,2.4,Kayseri,Adana,443.7,14.41,Storm,Low,Electric Semi,3,243.07
SHP-00909,2026-03-03,VEND-025,4.1,Van,Adana,479.6,5.46,Normal,Medium,Hybrid Van,0,235.53
SHP-00910,2026-03-03,VEND-011,2.8,Istanbul,Malatya,204.0,4.53,Rain,Low,Diesel Truck,1,136.86
SHP-00911,2026-03-04,VEND-004,3.7,Erzurum,Malatya,391.5,17.26,Rain,Medium,Electric Semi,0,256.94
SHP-00912,2026-03-04,VEND-011,2.9,Antalya,Mersin,149.4,10.5,Snow,High,Diesel Truck,3,247.93
SHP-00913,2026-03-05,VEND-022,2.4,Istanbul,Van,542.1,7.96,Normal,Medium,Diesel Truck,0,597.04
SHP-00914,2026-03-05,VEND-006,5.0,Eskisehir,Samsun,242.5,1.75,Rain,Medium,Diesel Truck,0,68.67
SHP-00915,2026-03-05,VEND-024,4.6,Samsun,Adana,448.4,21.31,Snow,Medium,Diesel Truck,0,1361.14
SHP-00916,2026-03-06,VEND-015,3.5,Diyarbakir,Istanbul,962.6,1.78,Normal,High,Hybrid Van,2,151.25
SHP-00917,2026-03-06,VEND-016,2.1,Izmir,Trabzon,332.8,19.0,Rain,Medium,Diesel Truck,0,916.65
SHP-00918,2026-03-07,VEND-008,4.3,Ankara,Denizli,753.7,10.17,Normal,Medium,Electric Semi,0,280.76
SHP-00919,2026-03-07,VEND-024,4.9,Kocaeli,Van,1086.4,15.37,Rain,Low,Hybrid Van,0,1419.31
SHP-00920,2026-03-07,VEND-001,4.4,Malatya,Denizli,702.0,6.94,Normal,Medium,Diesel Truck,0,699.94
SHP-00921,2026-03-07,VEND-008,4.2,Mersin,Istanbul,272.9,4.73,Snow,Low,Diesel Truck,0,189.27
SHP-00922,2026-03-08,VEND-011,2.8,Sakarya,Samsun,446.5,13.8,Normal,Medium,Diesel Truck,0,850.43
SHP-00923,2026-03-08,VEND-012,4.7,Erzurum,Eskisehir,728.9,17.69,Normal,High,Diesel Truck,0,2030.55
SHP-00924,2026-03-09,VEND-012,4.7,Malatya,Kayseri,632.6,5.69,Storm,Low,Hybrid Van,0,317.27
SHP-00925,2026-03-09,VEND-004,3.8,Samsun,Mersin,220.9,11.47,Storm,Medium,Electric Semi,2,97.98
SHP-00926,2026-03-09,VEND-006,4.9,Denizli,Diyarbakir,563.8,11.67,Rain,Low,Electric Semi,0,236.72
SHP-00927,2026-03-09,VEND-003,4.3,Samsun,Trabzon,674.5,6.18,Rain,Low,Diesel Truck,0,592.76
SHP-00928,2026-03-09,VEND-015,3.1,Denizli,Trabzon,357.4,14.56,Normal,Low,Electric Semi,0,176.5
SHP-00929,2026-03-10,VEND-009,2.0,Kocaeli,Mersin,754.3,4.5,Rain,Low,Electric Semi,0,121.11
SHP-00930,2026-03-10,VEND-015,3.1,Samsun,Gaziantep,130.7,13.23,Normal,High,Diesel Truck,0,264.57
SHP-00931,2026-03-10,VEND-015,2.9,Mersin,Samsun,437.1,3.72,Normal,High,Diesel Truck,0,239.35
SHP-00932,2026-03-10,VEND-018,1.8,Denizli,Van,974.9,12.65,Snow,Medium,Diesel Truck,2,1770.34
SHP-00933,2026-03-10,VEND-014,4.5,Sakarya,Kocaeli,348.2,8.48,Rain,Medium,Diesel Truck,0,433.27
SHP-00934,2026-03-10,VEND-017,3.3,Erzurum,Denizli,746.0,11.85,Normal,High,Hybrid Van,1,765.51
SHP-00935,2026-03-11,VEND-015,3.1,Trabzon,Izmir,521.5,11.41,Normal,High,Electric Semi,0,220.57
SHP-00936,2026-03-11,VEND-017,3.2,Izmir,Van,413.9,22.79,Snow,Medium,Diesel Truck,0,1303.96
SHP-00937,2026-03-11,VEND-016,2.1,Kocaeli,Antalya,1103.6,12.76,Normal,Low,Hybrid Van,0,1150.29
SHP-00938,2026-03-12,VEND-008,4.2,Konya,Van,444.8,20.64,Normal,Medium,Diesel Truck,0,1259.26
SHP-00939,2026-03-12,VEND-007,4.4,Istanbul,Kayseri,322.2,6.42,Normal,High,Diesel Truck,0,298.27
SHP-00940,2026-03-13,VEND-020,3.6,Ankara,Erzurum,1095.7,9.45,Normal,Low,Hybrid Van,0,803.41
SHP-00941,2026-03-13,VEND-009,2.0,Kocaeli,Malatya,907.8,2.8,Normal,Medium,Hybrid Van,0,213.89
SHP-00942,2026-03-13,VEND-014,4.3,Erzurum,Eskisehir,834.1,11.1,Snow,Medium,Electric Semi,0,370.9
SHP-00943,2026-03-14,VEND-005,1.8,Samsun,Erzurum,107.0,17.05,Normal,Medium,Diesel Truck,0,248.58
SHP-00944,2026-03-14,VEND-011,2.8,Mersin,Trabzon,200.9,21.12,Rain,Medium,Hybrid Van,0,360.58
SHP-00945,2026-03-14,VEND-014,4.5,Ankara,Malatya,784.1,14.58,Rain,Medium,Hybrid Van,0,948.83
SHP-00946,2026-03-14,VEND-016,2.2,Denizli,Bursa,290.8,16.36,Rain,High,Electric Semi,2,188.26
SHP-00947,2026-03-15,VEND-014,4.2,Ankara,Izmir,309.5,5.25,Rain,High,Diesel Truck,0,250.91
SHP-00948,2026-03-15,VEND-010,2.9,Diyarbakir,Samsun,946.0,1.89,Rain,Low,Diesel Truck,0,263.36
SHP-00949,2026-03-15,VEND-025,4.1,Diyarbakir,Sakarya,378.8,20.0,Rain,High,Hybrid Van,0,695.74
SHP-00950,2026-03-17,VEND-013,3.6,Van,Eskisehir,132.3,5.01,Rain,High,Hybrid Van,0,64.51
SHP-00951,2026-03-17,VEND-021,4.3,Gaziantep,Kocaeli,91.9,3.19,Storm,Medium,Electric Semi,0,13.55
SHP-00952,2026-03-17,VEND-019,4.3,Bursa,Samsun,559.7,23.5,Rain,Medium,Diesel Truck,0,1878.63
SHP-00953,2026-03-17,VEND-014,4.8,Gaziantep,Trabzon,759.7,24.12,Storm,High,Electric Semi,0,750.46
SHP-00954,2026-03-18,VEND-023,4.6,Sakarya,Malatya,1049.2,15.79,Normal,Medium,Diesel Truck,0,2403.42
SHP-00955,2026-03-18,VEND-004,3.9,Antalya,Diyarbakir,177.4,10.09,Rain,Low,Diesel Truck,0,247.74
SHP-00956,2026-03-18,VEND-024,4.4,Malatya,Izmir,276.2,21.0,Rain,Low,Diesel Truck,0,790.45
SHP-00957,2026-03-19,VEND-022,2.6,Bursa,Trabzon,659.3,5.91,Normal,Low,Diesel Truck,0,523.05
SHP-00958,2026-03-19,VEND-013,3.8,Istanbul,Mersin,468.7,11.31,Snow,Medium,Hybrid Van,0,476.81
SHP-00959,2026-03-20,VEND-019,4.1,Antalya,Diyarbakir,604.9,9.57,Normal,Low,Diesel Truck,0,795.36
SHP-00960,2026-03-20,VEND-014,4.4,Sakarya,Kayseri,1112.7,22.9,Normal,Medium,Diesel Truck,0,3392.21
SHP-00961,2026-03-20,VEND-007,4.5,Trabzon,Van,676.6,23.07,Storm,Medium,Hybrid Van,0,1440.14
SHP-00962,2026-03-20,VEND-020,3.6,Adana,Kayseri,527.4,16.62,Normal,High,Electric Semi,0,340.79
SHP-00963,2026-03-20,VEND-007,4.2,Denizli,Trabzon,1187.9,3.66,Normal,Medium,Diesel Truck,0,613.71
SHP-00964,2026-03-20,VEND-008,4.5,Trabzon,Izmir,125.0,12.57,Normal,High,Diesel Truck,0,231.98
SHP-00965,2026-03-20,VEND-013,3.8,Kocaeli,Erzurum,1121.9,6.89,Snow,High,Hybrid Van,1,718.08
SHP-00966,2026-03-20,VEND-021,4.1,Samsun,Izmir,626.9,22.24,Normal,Low,Diesel Truck,0,1860.48
SHP-00967,2026-03-21,VEND-010,2.8,Izmir,Mersin,629.3,4.32,Rain,Medium,Diesel Truck,0,391.31
SHP-00968,2026-03-21,VEND-013,3.9,Gaziantep,Diyarbakir,1110.3,2.3,Storm,Low,Diesel Truck,2,358.14
SHP-00969,2026-03-21,VEND-002,3.0,Samsun,Van,633.4,17.91,Rain,High,Diesel Truck,1,1747.77
SHP-00970,2026-03-22,VEND-003,4.3,Izmir,Samsun,554.2,11.88,Snow,Medium,Electric Semi,0,261.31
SHP-00971,2026-03-22,VEND-002,3.0,Kayseri,Samsun,363.4,21.12,Storm,Low,Diesel Truck,0,1083.79
SHP-00972,2026-03-22,VEND-002,2.9,Izmir,Istanbul,807.6,2.79,Normal,Low,Diesel Truck,0,296.69
SHP-00973,2026-03-22,VEND-022,2.6,Sakarya,Van,705.1,20.23,Snow,Medium,Diesel Truck,1,2075.47
SHP-00974,2026-03-22,VEND-022,2.8,Izmir,Istanbul,296.5,1.9,Rain,High,Diesel Truck,1,93.86
SHP-00975,2026-03-23,VEND-021,4.0,Ankara,Istanbul,865.8,1.67,Normal,High,Diesel Truck,0,205.25
SHP-00976,2026-03-23,VEND-002,3.2,Trabzon,Mersin,790.7,12.07,Normal,Low,Hybrid Van,0,776.15
SHP-00977,2026-03-23,VEND-002,2.8,Antalya,Istanbul,506.9,6.31,Rain,Low,Diesel Truck,0,445.07
SHP-00978,2026-03-23,VEND-008,4.2,Adana,Bursa,55.1,15.25,Normal,Medium,Diesel Truck,0,113.32
SHP-00979,2026-03-23,VEND-015,3.4,Konya,Trabzon,563.6,1.62,Rain,Medium,Diesel Truck,0,136.51
SHP-00980,2026-03-24,VEND-009,2.1,Antalya,Eskisehir,57.0,1.85,Normal,Low,Electric Semi,0,5.3
SHP-00981,2026-03-24,VEND-013,3.8,Sakarya,Gaziantep,136.2,18.45,Rain,Low,Diesel Truck,0,350.72
SHP-00982,2026-03-24,VEND-005,1.7,Denizli,Diyarbakir,545.2,6.04,Normal,High,Hybrid Van,1,301.27
SHP-00983,2026-03-24,VEND-019,4.3,Antalya,Trabzon,144.2,16.75,Storm,Medium,Electric Semi,0,95.69
SHP-00984,2026-03-24,VEND-008,4.3,Denizli,Antalya,367.0,19.0,Normal,Medium,Diesel Truck,0,921.4
SHP-00985,2026-03-24,VEND-002,3.0,Eskisehir,Denizli,803.8,2.42,Normal,Medium,Electric Semi,0,68.46
SHP-00986,2026-03-24,VEND-019,4.4,Samsun,Trabzon,404.9,19.47,Normal,Medium,Diesel Truck,0,1109.35
SHP-00987,2026-03-24,VEND-023,4.9,Kocaeli,Diyarbakir,1197.3,7.44,Normal,Medium,Hybrid Van,0,761.02
SHP-00988,2026-03-24,VEND-001,4.2,Erzurum,Izmir,1103.7,10.35,Rain,Low,Hybrid Van,0,978.54
SHP-00989,2026-03-25,VEND-011,2.6,Kayseri,Antalya,723.1,3.08,Rain,Low,Diesel Truck,2,299.79
SHP-00990,2026-03-25,VEND-021,4.1,Adana,Gaziantep,1162.0,21.13,Normal,High,Electric Semi,0,969.78
SHP-00991,2026-03-26,VEND-018,1.8,Samsun,Konya,1048.2,14.46,Snow,High,Diesel Truck,1,2202.83
SHP-00992,2026-03-26,VEND-022,2.5,Diyarbakir,Malatya,416.7,13.11,Normal,Medium,Diesel Truck,0,727.43
SHP-00993,2026-03-27,VEND-011,2.8,Eskisehir,Denizli,912.0,24.25,Normal,Low,Hybrid Van,0,1779.98
SHP-00994,2026-03-27,VEND-010,3.0,Ankara,Kocaeli,207.4,9.03,Storm,Low,Hybrid Van,3,169.44
SHP-00995,2026-03-27,VEND-018,1.7,Kayseri,Kocaeli,837.2,22.38,Rain,Low,Diesel Truck,0,2643.85
SHP-00996,2026-03-27,VEND-004,3.8,Eskisehir,Malatya,614.7,18.27,Rain,High,Electric Semi,0,443.83
SHP-00997,2026-03-27,VEND-006,5.0,Antalya,Kayseri,69.3,23.28,Normal,High,Electric Semi,0,62.11
SHP-00998,2026-03-27,VEND-016,2.4,Van,Antalya,365.4,22.79,Normal,Medium,Diesel Truck,0,1102.99
SHP-00999,2026-03-28,VEND-017,3.2,Diyarbakir,Izmir,1148.7,24.78,Rain,High,Electric Semi,0,1107.14
SHP-01000,2026-03-28,VEND-003,4.6,Diyarbakir,Konya,413.2,4.16,Normal,Low,Electric Semi,0,65.77
SHP-01001,2026-03-28,VEND-013,3.7,Ankara,Denizli,258.7,20.1,Normal,Medium,Hybrid Van,0,446.71
SHP-01002,2026-03-28,VEND-010,3.0,Kocaeli,Mersin,265.7,20.31,Snow,Low,Hybrid Van,1,477.27
SHP-01003,2026-03-28,VEND-013,3.8,Samsun,Mersin,601.1,16.46,Rain,Low,Diesel Truck,0,1323.5
SHP-01004,2026-03-29,VEND-024,4.5,Trabzon,Kayseri,1019.0,7.69,Normal,High,Diesel Truck,0,1129.31
SHP-01005,2026-03-29,VEND-002,3.1,Malatya,Van,921.7,24.16,Normal,High,Diesel Truck,0,3260.15
SHP-01006,2026-03-30,VEND-025,4.1,Adana,Van,552.4,5.91,Rain,Low,Diesel Truck,0,438.62
SHP-01007,2026-03-30,VEND-012,4.6,Samsun,Bursa,290.0,12.99,Normal,Low,Diesel Truck,0,493.37
SHP-01008,2026-03-31,VEND-020,3.6,Denizli,Izmir,103.0,13.52,Normal,Medium,Hybrid Van,0,117.59
SHP-01009,2026-03-31,VEND-011,2.7,Sakarya,Antalya,582.0,4.88,Normal,Low,Diesel Truck,0,372.16
SHP-01010,2026-03-31,VEND-008,4.5,Sakarya,Malatya,987.0,18.34,Rain,Medium,Electric Semi,0,681.27
SHP-01011,2026-04-01,VEND-020,3.8,Konya,Kayseri,889.1,3.13,Rain,Medium,Diesel Truck,2,386.34
SHP-01012,2026-04-01,VEND-018,2.0,Van,Diyarbakir,519.9,17.63,Normal,Low,Diesel Truck,1,1209.85
SHP-01013,2026-04-01,VEND-004,4.2,Istanbul,Denizli,733.9,21.37,Normal,Low,Hybrid Van,0,1269.42
SHP-01014,2026-04-02,VEND-018,1.5,Kayseri,Kocaeli,551.7,9.39,Rain,Low,Electric Semi,0,187.29
SHP-01015,2026-04-03,VEND-019,4.4,Trabzon,Gaziantep,715.9,18.03,Normal,High,Diesel Truck,0,1808.56
SHP-01016,2026-04-03,VEND-010,2.9,Ankara,Adana,645.1,4.76,Rain,Medium,Hybrid Van,2,268.27
SHP-01017,2026-04-03,VEND-024,4.5,Kayseri,Izmir,833.1,21.3,Normal,Medium,Diesel Truck,0,2370.98
SHP-01018,2026-04-04,VEND-017,3.3,Kocaeli,Kayseri,633.9,23.85,Rain,Low,Diesel Truck,0,2035.45
SHP-01019,2026-04-04,VEND-009,1.7,Trabzon,Gaziantep,1131.7,4.66,Storm,Medium,Diesel Truck,3,804.7
SHP-01020,2026-04-04,VEND-001,4.0,Izmir,Konya,542.2,17.6,Normal,Low,Electric Semi,0,322.88
SHP-01021,2026-04-05,VEND-017,3.4,Gaziantep,Istanbul,68.3,13.14,Normal,Low,Diesel Truck,0,132.8
SHP-01022,2026-04-05,VEND-006,4.7,Antalya,Diyarbakir,321.8,13.76,Rain,Medium,Hybrid Van,0,382.91
SHP-01023,2026-04-05,VEND-019,4.5,Trabzon,Erzurum,625.7,17.96,Normal,Medium,Diesel Truck,0,1546.51
SHP-01024,2026-04-05,VEND-014,4.3,Konya,Samsun,671.7,12.73,Normal,Low,Diesel Truck,0,1094.31
SHP-01025,2026-04-05,VEND-012,5.0,Kocaeli,Samsun,685.2,15.41,Normal,Medium,Hybrid Van,0,912.91
SHP-01026,2026-04-05,VEND-005,1.7,Eskisehir,Erzurum,871.7,6.54,Storm,High,Diesel Truck,0,886.6
SHP-01027,2026-04-05,VEND-018,1.7,Sakarya,Kayseri,365.8,10.08,Normal,Low,Diesel Truck,0,481.58
SHP-01028,2026-04-06,VEND-005,1.6,Bursa,Trabzon,814.6,21.77,Rain,Low,Diesel Truck,1,2341.66
SHP-01029,2026-04-06,VEND-011,3.1,Erzurum,Mersin,859.6,3.64,Normal,Medium,Diesel Truck,0,427.88
SHP-01030,2026-04-06,VEND-021,4.4,Bursa,Samsun,523.0,15.34,Normal,Low,Diesel Truck,0,1064.16
SHP-01031,2026-04-06,VEND-024,4.6,Istanbul,Samsun,512.5,5.42,Normal,Medium,Diesel Truck,0,385.86
SHP-01032,2026-04-06,VEND-025,4.0,Istanbul,Eskisehir,255.8,21.32,Rain,Medium,Electric Semi,0,205.83
SHP-01033,2026-04-07,VEND-024,4.6,Antalya,Trabzon,526.1,14.9,Normal,Medium,Diesel Truck,0,1045.34
SHP-01034,2026-04-07,VEND-014,4.2,Malatya,Kayseri,954.8,10.67,Normal,Medium,Diesel Truck,0,1353.72
SHP-01035,2026-04-07,VEND-006,5.0,Antalya,Ankara,1095.3,7.0,Normal,Medium,Electric Semi,1,276.76
SHP-01036,2026-04-07,VEND-021,4.3,Denizli,Erzurum,732.7,11.48,Normal,High,Diesel Truck,0,1228.36
SHP-01037,2026-04-07,VEND-021,4.2,Mersin,Malatya,394.3,23.98,Normal,Low,Electric Semi,1,339.04
SHP-01038,2026-04-08,VEND-025,3.8,Istanbul,Antalya,834.6,13.22,Normal,Low,Electric Semi,0,396.94
SHP-01039,2026-04-08,VEND-017,3.3,Mersin,Gaziantep,901.2,12.27,Normal,Medium,Diesel Truck,0,1503.26
SHP-01040,2026-04-09,VEND-004,4.0,Istanbul,Van,432.0,18.91,Snow,Low,Diesel Truck,0,1147.24
SHP-01041,2026-04-09,VEND-013,4.0,Kayseri,Konya,1000.5,10.1,Normal,Low,Diesel Truck,0,1314.98
SHP-01042,2026-04-09,VEND-012,4.9,Kocaeli,Diyarbakir,134.8,11.26,Normal,Low,Diesel Truck,0,194.59
SHP-01043,2026-04-09,VEND-022,2.5,Samsun,Sakarya,62.4,9.09,Normal,Medium,Diesel Truck,0,84.46
SHP-01044,2026-04-09,VEND-010,3.1,Gaziantep,Malatya,191.4,4.62,Normal,Low,Electric Semi,0,32.08
SHP-01045,2026-04-10,VEND-009,2.1,Sakarya,Istanbul,229.4,18.13,Rain,Medium,Electric Semi,0,152.63
SHP-01046,2026-04-10,VEND-003,4.3,Kocaeli,Kayseri,1060.8,21.95,Normal,High,Diesel Truck,1,3281.66
SHP-01047,2026-04-10,VEND-021,4.2,Gaziantep,Kocaeli,538.7,22.73,Normal,Medium,Hybrid Van,0,1027.06
SHP-01048,2026-04-10,VEND-019,4.4,Mersin,Diyarbakir,366.2,22.14,Rain,Low,Diesel Truck,0,1056.67
SHP-01049,2026-04-11,VEND-002,3.0,Izmir,Gaziantep,543.4,11.84,Normal,High,Hybrid Van,0,558.41
SHP-01050,2026-04-11,VEND-011,2.5,Erzurum,Gaziantep,504.1,7.82,Storm,Low,Hybrid Van,0,360.93
SHP-01051,2026-04-11,VEND-012,4.7,Sakarya,Bursa,396.7,16.31,Storm,High,Diesel Truck,5,960.26
SHP-01052,2026-04-11,VEND-012,4.7,Gaziantep,Sakarya,208.6,23.91,Normal,Medium,Diesel Truck,0,678.9
SHP-01053,2026-04-11,VEND-023,4.9,Denizli,Van,804.3,18.45,Normal,Low,Diesel Truck,0,1869.34
SHP-01054,2026-04-11,VEND-004,3.8,Denizli,Izmir,207.1,12.88,Normal,High,Hybrid Van,0,233.74
SHP-01055,2026-04-11,VEND-008,4.2,Trabzon,Antalya,941.7,17.53,Normal,Medium,Diesel Truck,0,2226.91
SHP-01056,2026-04-12,VEND-005,1.8,Ankara,Konya,281.9,19.54,Normal,Medium,Hybrid Van,0,448.75
SHP-01057,2026-04-12,VEND-007,4.3,Malatya,Diyarbakir,891.1,23.06,Normal,Medium,Diesel Truck,0,2834.49
SHP-01058,2026-04-12,VEND-023,4.9,Van,Mersin,976.4,19.32,Normal,Medium,Diesel Truck,0,2662.46
SHP-01059,2026-04-12,VEND-024,4.5,Van,Gaziantep,194.1,11.4,Normal,Medium,Electric Semi,0,84.18
SHP-01060,2026-04-13,VEND-002,3.0,Van,Konya,149.8,7.57,Normal,High,Diesel Truck,1,176.22
SHP-01061,2026-04-13,VEND-016,2.0,Erzurum,Kocaeli,1142.0,13.0,Snow,Low,Diesel Truck,2,1969.23
SHP-01062,2026-04-13,VEND-006,5.0,Eskisehir,Adana,582.5,8.88,Storm,Medium,Hybrid Van,0,465.86
SHP-01063,2026-04-13,VEND-005,1.8,Ankara,Bursa,774.8,23.63,Normal,Medium,Diesel Truck,1,2518.46
SHP-01064,2026-04-13,VEND-008,4.3,Kayseri,Diyarbakir,76.7,13.19,Rain,Medium,Hybrid Van,0,93.36
SHP-01065,2026-04-13,VEND-005,1.9,Antalya,Kayseri,370.5,12.33,Normal,Medium,Hybrid Van,0,404.45
SHP-01066,2026-04-13,VEND-013,3.5,Antalya,Gaziantep,631.2,9.36,Rain,Medium,Diesel Truck,0,857.96
SHP-01067,2026-04-13,VEND-025,3.9,Diyarbakir,Denizli,1069.2,16.35,Normal,High,Diesel Truck,0,2576.11
SHP-01068,2026-04-13,VEND-015,3.1,Diyarbakir,Eskisehir,362.2,13.48,Rain,Low,Diesel Truck,0,714.3
SHP-01069,2026-04-14,VEND-019,4.4,Samsun,Izmir,941.5,4.1,Normal,Low,Electric Semi,0,137.0
SHP-01070,2026-04-14,VEND-013,3.8,Eskisehir,Ankara,811.5,21.86,Normal,Medium,Hybrid Van,0,1467.24
SHP-01071,2026-04-14,VEND-001,4.1,Izmir,Istanbul,182.6,9.62,Snow,Low,Hybrid Van,3,154.02
SHP-01072,2026-04-14,VEND-003,4.6,Antalya,Sakarya,387.4,11.38,Normal,Low,Hybrid Van,0,346.9
SHP-01073,2026-04-15,VEND-007,4.3,Malatya,Kocaeli,323.5,5.94,Normal,Low,Diesel Truck,0,258.33
SHP-01074,2026-04-15,VEND-007,4.3,Kayseri,Diyarbakir,558.9,14.28,Rain,Medium,Diesel Truck,0,1061.96
SHP-01075,2026-04-15,VEND-022,2.7,Samsun,Trabzon,780.6,17.85,Rain,High,Diesel Truck,0,2028.61
SHP-01076,2026-04-15,VEND-022,2.4,Kayseri,Adana,548.4,22.15,Rain,Medium,Hybrid Van,3,1041.62
SHP-01077,2026-04-15,VEND-022,2.8,Antalya,Trabzon,331.2,2.24,Rain,Low,Diesel Truck,0,110.64
SHP-01078,2026-04-15,VEND-016,2.5,Diyarbakir,Denizli,850.3,24.36,Rain,High,Diesel Truck,0,3161.92
SHP-01079,2026-04-16,VEND-014,4.5,Sakarya,Adana,722.1,17.89,Normal,Low,Diesel Truck,0,1638.61
SHP-01080,2026-04-16,VEND-017,3.3,Denizli,Erzurum,647.2,7.82,Normal,High,Diesel Truck,0,778.16
SHP-01081,2026-04-16,VEND-011,2.9,Adana,Erzurum,687.6,5.91,Rain,Medium,Diesel Truck,1,577.02
SHP-01082,2026-04-16,VEND-017,3.5,Trabzon,Diyarbakir,305.2,8.11,Rain,Low,Diesel Truck,0,342.11
SHP-01083,2026-04-17,VEND-020,3.9,Van,Erzurum,832.5,22.02,Normal,Medium,Hybrid Van,0,1455.13
SHP-01084,2026-04-17,VEND-020,3.6,Trabzon,Adana,495.6,7.99,Normal,Low,Hybrid Van,0,314.82
SHP-01085,2026-04-17,VEND-016,2.3,Kayseri,Izmir,468.0,12.11,Rain,High,Diesel Truck,3,870.4
SHP-01086,2026-04-17,VEND-002,3.1,Gaziantep,Samsun,222.2,17.94,Normal,Low,Hybrid Van,0,324.55
SHP-01087,2026-04-18,VEND-019,4.4,Samsun,Sakarya,736.4,21.93,Normal,High,Diesel Truck,0,2325.64
SHP-01088,2026-04-18,VEND-010,2.9,Adana,Sakarya,743.1,16.81,Rain,High,Hybrid Van,3,1144.51
SHP-01089,2026-04-18,VEND-019,4.5,Trabzon,Adana,441.3,19.07,Normal,High,Diesel Truck,0,1159.74
SHP-01090,2026-04-19,VEND-014,4.5,Istanbul,Konya,1038.8,5.16,Normal,High,Electric Semi,0,207.42
SHP-01091,2026-04-19,VEND-023,4.9,Bursa,Kayseri,1022.3,22.06,Normal,Low,Diesel Truck,0,3063.96
SHP-01092,2026-04-19,VEND-009,1.9,Sakarya,Diyarbakir,175.4,7.62,Normal,Medium,Diesel Truck,0,195.18
SHP-01093,2026-04-19,VEND-024,4.6,Adana,Ankara,849.3,4.08,Rain,High,Electric Semi,0,138.59
SHP-01094,2026-04-20,VEND-022,2.9,Mersin,Konya,502.9,24.43,Normal,Medium,Hybrid Van,0,1074.49
SHP-01095,2026-04-20,VEND-009,1.8,Samsun,Antalya,1199.7,5.84,Normal,Low,Hybrid Van,1,543.18
SHP-01096,2026-04-20,VEND-013,3.7,Mersin,Diyarbakir,308.8,4.28,Normal,Low,Diesel Truck,0,174.57
SHP-01097,2026-04-20,VEND-014,4.4,Sakarya,Mersin,372.6,16.02,Normal,Low,Diesel Truck,0,827.81
SHP-01098,2026-04-21,VEND-020,3.8,Antalya,Ankara,558.4,8.65,Normal,High,Hybrid Van,0,436.9
SHP-01099,2026-04-21,VEND-018,1.5,Sakarya,Antalya,359.0,4.2,Normal,Medium,Diesel Truck,0,210.34
SHP-01100,2026-04-21,VEND-022,2.5,Antalya,Istanbul,845.8,15.43,Normal,Medium,Diesel Truck,1,1769.83
SHP-01101,2026-04-21,VEND-010,2.8,Adana,Samsun,603.0,19.22,Normal,High,Diesel Truck,0,1625.8
SHP-01102,2026-04-21,VEND-013,3.8,Kocaeli,Van,304.0,20.04,Normal,Low,Diesel Truck,0,806.62
SHP-01103,2026-04-22,VEND-011,2.6,Malatya,Samsun,632.3,4.73,Normal,High,Diesel Truck,1,439.07
SHP-01104,2026-04-23,VEND-023,4.8,Antalya,Malatya,1072.1,14.36,Normal,Low,Diesel Truck,0,2010.59
SHP-01105,2026-04-23,VEND-008,4.4,Kocaeli,Sakarya,961.3,20.53,Normal,Low,Electric Semi,0,668.16
SHP-01106,2026-04-23,VEND-015,3.0,Ankara,Malatya,623.7,4.87,Normal,Low,Electric Semi,0,108.67
SHP-01107,2026-04-23,VEND-004,3.9,Ankara,Konya,381.8,5.98,Normal,Low,Hybrid Van,0,183.69
SHP-01108,2026-04-23,VEND-022,2.7,Sakarya,Van,256.9,1.06,Normal,Medium,Electric Semi,0,11.13
SHP-01109,2026-04-24,VEND-010,3.2,Eskisehir,Antalya,1060.1,13.59,Rain,Medium,Diesel Truck,0,2091.36
SHP-01110,2026-04-24,VEND-009,2.0,Adana,Kayseri,866.7,5.67,Normal,Low,Hybrid Van,1,422.99
SHP-01111,2026-04-24,VEND-015,3.0,Trabzon,Denizli,708.0,18.38,Rain,Low,Electric Semi,0,498.09
SHP-01112,2026-04-24,VEND-013,3.8,Adana,Gaziantep,1061.3,24.09,Rain,Medium,Diesel Truck,0,3638.49
SHP-01113,2026-04-25,VEND-022,2.9,Gaziantep,Konya,189.9,6.01,Normal,Low,Diesel Truck,0,155.12
SHP-01114,2026-04-25,VEND-014,4.5,Mersin,Izmir,834.9,16.58,Normal,High,Electric Semi,0,533.46
SHP-01115,2026-04-25,VEND-013,3.6,Konya,Istanbul,299.2,6.08,Normal,High,Electric Semi,0,72.56
SHP-01116,2026-04-25,VEND-003,4.6,Diyarbakir,Kayseri,188.7,1.43,Normal,Medium,Electric Semi,0,11.24
SHP-01117,2026-04-26,VEND-001,4.0,Mersin,Van,585.4,19.21,Normal,Medium,Hybrid Van,1,976.97
SHP-01118,2026-04-26,VEND-010,3.3,Konya,Antalya,495.5,11.42,Normal,Medium,Hybrid Van,0,445.95
SHP-01119,2026-04-26,VEND-025,4.4,Samsun,Mersin,1132.3,23.72,Rain,Medium,Hybrid Van,2,2285.46
SHP-01120,2026-04-26,VEND-023,4.9,Sakarya,Erzurum,422.6,13.82,Normal,High,Electric Semi,0,231.95
SHP-01121,2026-04-26,VEND-016,2.3,Gaziantep,Sakarya,987.1,4.78,Rain,High,Hybrid Van,1,421.24
SHP-01122,2026-04-26,VEND-016,2.3,Erzurum,Istanbul,911.2,11.79,Rain,Medium,Hybrid Van,2,918.26
SHP-01123,2026-04-27,VEND-010,3.2,Kayseri,Samsun,818.1,5.87,Normal,Medium,Diesel Truck,0,669.29
SHP-01124,2026-04-27,VEND-005,1.7,Denizli,Izmir,1108.5,22.07,Storm,High,Electric Semi,2,1065.43
SHP-01125,2026-04-27,VEND-001,4.2,Van,Antalya,519.1,17.58,Snow,Low,Diesel Truck,0,1216.87
SHP-01126,2026-04-27,VEND-009,2.0,Mersin,Antalya,498.1,9.19,Normal,Medium,Diesel Truck,0,601.46
SHP-01127,2026-04-27,VEND-008,4.2,Bursa,Trabzon,235.1,13.67,Normal,Medium,Diesel Truck,0,430.26
SHP-01128,2026-04-28,VEND-005,1.7,Eskisehir,Bursa,367.1,17.07,Normal,Medium,Diesel Truck,0,816.07
SHP-01129,2026-04-28,VEND-007,4.0,Istanbul,Gaziantep,1061.7,19.79,Normal,Medium,Diesel Truck,0,2723.68
SHP-01130,2026-04-28,VEND-001,4.0,Kayseri,Antalya,595.5,2.92,Normal,Low,Diesel Truck,0,227.22
SHP-01131,2026-04-28,VEND-016,2.0,Van,Konya,442.6,1.54,Normal,Low,Diesel Truck,0,100.18
SHP-01132,2026-04-29,VEND-024,4.7,Mersin,Denizli,298.5,3.75,Normal,Medium,Electric Semi,0,41.91
SHP-01133,2026-04-29,VEND-018,2.0,Denizli,Adana,607.7,10.48,Rain,High,Hybrid Van,3,582.34
SHP-01134,2026-04-29,VEND-012,4.9,Samsun,Konya,874.2,12.2,Normal,High,Hybrid Van,0,915.91
SHP-01135,2026-05-01,VEND-011,2.6,Antalya,Samsun,379.7,4.28,Normal,Medium,Diesel Truck,0,232.37
SHP-01136,2026-05-01,VEND-008,4.4,Konya,Trabzon,921.4,10.87,Normal,Low,Diesel Truck,0,1383.75
SHP-01137,2026-05-01,VEND-004,4.1,Samsun,Istanbul,774.3,11.6,Rain,High,Hybrid Van,0,796.85
SHP-01138,2026-05-01,VEND-015,3.0,Izmir,Malatya,955.7,3.62,Normal,Medium,Diesel Truck,0,500.7
SHP-01139,2026-05-02,VEND-015,3.1,Mersin,Erzurum,338.5,23.0,Normal,Medium,Hybrid Van,0,659.04
SHP-01140,2026-05-03,VEND-001,3.9,Mersin,Trabzon,775.7,15.38,Normal,Medium,Electric Semi,0,436.04
SHP-01141,2026-05-03,VEND-011,2.8,Diyarbakir,Samsun,226.8,10.32,Normal,Low,Diesel Truck,0,316.02
SHP-01142,2026-05-04,VEND-007,4.0,Izmir,Eskisehir,468.4,13.17,Rain,High,Diesel Truck,0,928.42
SHP-01143,2026-05-04,VEND-005,1.8,Diyarbakir,Mersin,883.0,8.54,Normal,Medium,Diesel Truck,2,1085.1
SHP-01144,2026-05-04,VEND-018,1.5,Mersin,Konya,776.4,21.5,Normal,Medium,Diesel Truck,0,2300.51
SHP-01145,2026-05-04,VEND-014,4.5,Denizli,Konya,266.0,14.8,Normal,High,Diesel Truck,0,581.04
SHP-01146,2026-05-05,VEND-016,2.5,Kocaeli,Bursa,1037.1,12.88,Rain,Medium,Hybrid Van,0,1134.47
SHP-01147,2026-05-05,VEND-018,1.6,Gaziantep,Diyarbakir,111.4,22.86,Rain,High,Electric Semi,4,105.27
SHP-01148,2026-05-05,VEND-025,4.0,Erzurum,Konya,734.5,21.11,Normal,Medium,Diesel Truck,0,2044.22
SHP-01149,2026-05-06,VEND-021,3.9,Antalya,Konya,1181.4,20.51,Rain,Medium,Diesel Truck,0,3393.88
SHP-01150,2026-05-06,VEND-016,2.3,Istanbul,Van,661.2,6.41,Normal,High,Diesel Truck,3,668.06
SHP-01151,2026-05-06,VEND-022,2.6,Sakarya,Kayseri,970.8,4.67,Rain,High,Diesel Truck,0,625.98
SHP-01152,2026-05-06,VEND-012,4.5,Trabzon,Kocaeli,734.5,17.56,Rain,High,Electric Semi,0,516.75
SHP-01153,2026-05-06,VEND-025,4.3,Malatya,Antalya,950.6,12.25,Normal,High,Electric Semi,1,453.64
SHP-01154,2026-05-06,VEND-020,3.6,Kayseri,Gaziantep,803.9,17.41,Normal,Medium,Hybrid Van,0,1160.62
SHP-01155,2026-05-06,VEND-017,3.2,Istanbul,Eskisehir,844.8,19.26,Normal,Low,Diesel Truck,0,2110.18
SHP-01156,2026-05-06,VEND-023,4.8,Istanbul,Kayseri,312.0,8.09,Normal,Medium,Diesel Truck,0,350.53
SHP-01157,2026-05-07,VEND-013,4.0,Mersin,Izmir,903.1,7.83,Normal,High,Hybrid Van,0,621.93
SHP-01158,2026-05-07,VEND-019,4.5,Antalya,Diyarbakir,323.6,12.78,Normal,Medium,Electric Semi,0,153.11
SHP-01159,2026-05-07,VEND-008,4.3,Erzurum,Adana,1177.7,7.57,Normal,High,Electric Semi,0,339.84
SHP-01160,2026-05-07,VEND-025,4.3,Izmir,Denizli,312.0,17.02,Normal,High,Diesel Truck,0,814.77
SHP-01161,2026-05-08,VEND-016,2.1,Malatya,Konya,322.2,18.92,Normal,High,Hybrid Van,0,536.76
SHP-01162,2026-05-08,VEND-020,3.7,Antalya,Kocaeli,1037.5,12.33,Normal,High,Diesel Truck,2,1869.52
SHP-01163,2026-05-08,VEND-012,4.7,Izmir,Sakarya,329.4,18.37,Normal,Medium,Diesel Truck,0,809.84
SHP-01164,2026-05-09,VEND-022,2.6,Gaziantep,Malatya,465.0,13.25,Normal,Medium,Hybrid Van,0,531.24
SHP-01165,2026-05-09,VEND-002,3.1,Izmir,Antalya,871.8,18.11,Rain,High,Diesel Truck,2,2385.89
SHP-01166,2026-05-09,VEND-003,4.4,Mersin,Denizli,232.6,6.4,Storm,Low,Hybrid Van,0,134.61
SHP-01167,2026-05-10,VEND-013,3.9,Konya,Erzurum,232.9,18.73,Normal,Low,Diesel Truck,0,557.36
SHP-01168,2026-05-10,VEND-019,4.5,Samsun,Denizli,609.3,18.16,Normal,High,Diesel Truck,0,1555.17
SHP-01169,2026-05-10,VEND-021,3.8,Samsun,Izmir,330.3,7.4,Normal,Medium,Diesel Truck,0,355.92
SHP-01170,2026-05-10,VEND-012,4.9,Istanbul,Antalya,321.0,14.34,Storm,Medium,Hybrid Van,0,408.54
SHP-01171,2026-05-10,VEND-017,2.9,Izmir,Antalya,60.6,21.53,Normal,Low,Hybrid Van,0,110.46
SHP-01172,2026-05-11,VEND-014,4.3,Bursa,Izmir,476.0,6.99,Rain,Medium,Diesel Truck,0,458.53
SHP-01173,2026-05-11,VEND-025,4.4,Bursa,Sakarya,416.0,18.66,Normal,High,Diesel Truck,0,1152.69
SHP-01174,2026-05-11,VEND-017,3.4,Ankara,Van,85.8,23.9,Normal,Medium,Diesel Truck,0,279.68
SHP-01175,2026-05-12,VEND-011,2.6,Konya,Samsun,764.4,21.79,Normal,Medium,Diesel Truck,0,2194.94
SHP-01176,2026-05-12,VEND-025,4.0,Samsun,Trabzon,770.7,10.64,Rain,Medium,Electric Semi,0,302.45
SHP-01177,2026-05-12,VEND-003,4.7,Konya,Sakarya,131.4,15.57,Rain,High,Diesel Truck,0,305.25
SHP-01178,2026-05-12,VEND-025,3.9,Konya,Mersin,414.6,24.8,Normal,High,Diesel Truck,2,1497.09
SHP-01179,2026-05-12,VEND-004,4.1,Kayseri,Mersin,1053.7,14.64,Normal,Medium,Diesel Truck,0,2098.3
SHP-01180,2026-05-13,VEND-008,4.3,Samsun,Trabzon,719.5,3.76,Normal,Medium,Electric Semi,0,96.75
SHP-01181,2026-05-13,VEND-021,4.0,Konya,Gaziantep,523.8,2.09,Storm,Low,Electric Semi,0,42.97
SHP-01182,2026-05-14,VEND-019,4.3,Antalya,Ankara,584.9,19.97,Normal,Medium,Electric Semi,0,412.09
SHP-01183,2026-05-14,VEND-025,4.0,Mersin,Kocaeli,289.5,11.17,Rain,Low,Electric Semi,0,120.4
SHP-01184,2026-05-14,VEND-019,4.5,Istanbul,Diyarbakir,983.7,6.92,Normal,Medium,Hybrid Van,0,584.67
SHP-01185,2026-05-14,VEND-016,2.4,Kayseri,Ankara,1101.1,9.34,Normal,Medium,Diesel Truck,0,1397.75
SHP-01186,2026-05-14,VEND-009,1.6,Erzurum,Antalya,1097.3,19.18,Normal,Low,Hybrid Van,0,1701.45
SHP-01187,2026-05-15,VEND-001,4.1,Adana,Antalya,307.5,12.17,Normal,Low,Electric Semi,0,139.44
SHP-01188,2026-05-15,VEND-004,3.8,Izmir,Diyarbakir,407.4,21.84,Rain,Low,Diesel Truck,0,1193.96
SHP-01189,2026-05-16,VEND-008,4.5,Eskisehir,Kayseri,234.7,18.64,Rain,Low,Hybrid Van,0,354.28
SHP-01190,2026-05-16,VEND-002,2.8,Izmir,Kocaeli,403.3,24.38,Rain,Medium,Electric Semi,0,376.68
SHP-01191,2026-05-16,VEND-013,4.0,Bursa,Denizli,432.7,22.32,Normal,Low,Electric Semi,0,327.99
SHP-01192,2026-05-16,VEND-020,3.7,Izmir,Konya,778.1,7.11,Rain,Low,Diesel Truck,1,744.28
SHP-01193,2026-05-17,VEND-025,4.0,Malatya,Denizli,268.1,16.82,Normal,High,Diesel Truck,0,641.9
SHP-01194,2026-05-17,VEND-013,3.7,Van,Istanbul,1107.3,1.49,Normal,Low,Hybrid Van,0,133.13
SHP-01195,2026-05-18,VEND-022,2.6,Kocaeli,Izmir,168.6,24.79,Normal,High,Diesel Truck,3,601.93
SHP-01196,2026-05-18,VEND-025,4.0,Trabzon,Diyarbakir,57.9,7.26,Normal,Medium,Diesel Truck,0,66.91
SHP-01197,2026-05-19,VEND-022,2.7,Trabzon,Denizli,1033.2,16.96,Normal,Medium,Diesel Truck,1,2456.3
SHP-01198,2026-05-19,VEND-012,4.5,Trabzon,Bursa,859.3,21.38,Normal,Medium,Diesel Truck,0,2561.44
SHP-01199,2026-05-20,VEND-009,1.6,Samsun,Mersin,458.7,4.85,Normal,Low,Hybrid Van,0,183.81
SHP-01200,2026-05-20,VEND-025,4.1,Van,Istanbul,734.8,21.35,Normal,High,Electric Semi,0,600.95
SHP-01201,2026-05-20,VEND-007,3.9,Eskisehir,Trabzon,307.1,1.29,Normal,High,Hybrid Van,0,36.48
SHP-01202,2026-05-20,VEND-011,2.7,Ankara,Sakarya,243.6,11.61,Normal,Low,Diesel Truck,0,379.81
SHP-01203,2026-05-21,VEND-002,2.9,Adana,Gaziantep,591.8,12.33,Rain,High,Diesel Truck,1,1009.71
SHP-01204,2026-05-21,VEND-020,3.6,Van,Konya,456.2,9.98,Normal,Medium,Diesel Truck,0,587.87
SHP-01205,2026-05-21,VEND-017,3.7,Mersin,Antalya,757.5,15.07,Normal,High,Diesel Truck,0,1633.26
SHP-01206,2026-05-21,VEND-003,4.5,Antalya,Mersin,300.9,22.96,Rain,High,Electric Semi,0,277.85
SHP-01207,2026-05-22,VEND-006,4.9,Malatya,Gaziantep,812.4,8.85,Rain,Low,Diesel Truck,0,957.81
SHP-01208,2026-05-22,VEND-014,4.1,Trabzon,Antalya,931.9,14.9,Rain,High,Diesel Truck,0,2148.86
SHP-01209,2026-05-22,VEND-014,4.3,Kocaeli,Mersin,241.6,22.06,Rain,High,Hybrid Van,0,494.38
SHP-01210,2026-05-22,VEND-021,4.2,Mersin,Malatya,100.4,19.55,Storm,Medium,Electric Semi,1,78.26
SHP-01211,2026-05-22,VEND-007,4.0,Izmir,Sakarya,555.5,1.98,Normal,Low,Diesel Truck,0,157.27
SHP-01212,2026-05-22,VEND-024,4.7,Adana,Gaziantep,940.1,23.63,Storm,High,Electric Semi,0,968.92
SHP-01213,2026-05-23,VEND-012,4.5,Mersin,Erzurum,798.4,2.12,Rain,Medium,Diesel Truck,0,248.03
SHP-01214,2026-05-23,VEND-021,4.2,Erzurum,Bursa,857.2,15.13,Normal,Low,Hybrid Van,0,1017.33
SHP-01215,2026-05-23,VEND-006,4.8,Konya,Erzurum,513.3,14.81,Rain,High,Electric Semi,0,298.15
SHP-01216,2026-05-24,VEND-001,4.2,Izmir,Konya,320.2,19.87,Rain,Medium,Diesel Truck,0,855.74
SHP-01217,2026-05-24,VEND-002,2.9,Mersin,Kocaeli,661.5,4.56,Rain,High,Diesel Truck,2,452.78
SHP-01218,2026-05-24,VEND-010,3.1,Van,Bursa,285.0,5.3,Rain,Medium,Diesel Truck,0,212.02
SHP-01219,2026-05-25,VEND-024,4.6,Kayseri,Sakarya,885.2,19.05,Normal,Low,Electric Semi,0,585.87
SHP-01220,2026-05-25,VEND-002,2.9,Adana,Konya,276.5,4.59,Normal,High,Diesel Truck,0,191.77
SHP-01221,2026-05-25,VEND-010,3.2,Denizli,Malatya,385.0,12.27,Normal,Medium,Electric Semi,0,163.19
SHP-01222,2026-05-25,VEND-003,4.5,Trabzon,Ankara,632.5,18.56,Rain,Medium,Diesel Truck,0,1581.02
SHP-01223,2026-05-26,VEND-024,4.6,Gaziantep,Samsun,609.7,16.63,Rain,Medium,Diesel Truck,0,1398.93
SHP-01224,2026-05-26,VEND-017,3.3,Van,Bursa,741.0,6.05,Rain,Low,Diesel Truck,0,607.56
SHP-01225,2026-05-26,VEND-020,3.8,Kocaeli,Malatya,553.1,8.3,Rain,Medium,Diesel Truck,0,638.26
SHP-01226,2026-05-26,VEND-018,1.7,Ankara,Mersin,1107.4,24.26,Storm,Medium,Diesel Truck,1,3899.87
SHP-01227,2026-05-26,VEND-017,3.4,Mersin,Denizli,1015.9,11.77,Normal,High,Electric Semi,2,452.21
SHP-01228,2026-05-27,VEND-020,3.7,Erzurum,Diyarbakir,1061.0,2.07,Storm,High,Hybrid Van,0,204.2
SHP-01229,2026-05-27,VEND-001,4.5,Adana,Kocaeli,773.9,6.27,Normal,High,Diesel Truck,0,691.41
SHP-01230,2026-05-27,VEND-022,2.5,Kocaeli,Ankara,780.3,9.22,Normal,Low,Electric Semi,0,251.68
SHP-01231,2026-05-28,VEND-019,4.5,Trabzon,Antalya,750.6,24.99,Normal,Medium,Diesel Truck,0,2520.64
SHP-01232,2026-05-28,VEND-019,4.1,Eskisehir,Antalya,550.1,8.26,Normal,Low,Electric Semi,0,161.07
SHP-01233,2026-05-28,VEND-010,3.1,Malatya,Erzurum,420.4,1.63,Normal,High,Diesel Truck,0,108.13
SHP-01234,2026-05-29,VEND-021,4.4,Izmir,Erzurum,730.8,13.31,Normal,Medium,Electric Semi,0,362.89
SHP-01235,2026-05-29,VEND-010,3.2,Samsun,Kayseri,79.4,3.01,Normal,High,Diesel Truck,0,42.16
SHP-01236,2026-05-30,VEND-002,3.0,Samsun,Malatya,58.6,7.58,Rain,Medium,Diesel Truck,0,67.1
SHP-01237,2026-05-30,VEND-023,4.8,Bursa,Gaziantep,1029.4,24.82,Normal,Low,Electric Semi,0,929.91
SHP-01238,2026-05-30,VEND-006,4.9,Denizli,Trabzon,103.4,17.91,Normal,High,Diesel Truck,0,276.78
SHP-01239,2026-05-31,VEND-003,4.5,Izmir,Mersin,653.5,2.22,Normal,Medium,Diesel Truck,0,198.61
SHP-01240,2026-05-31,VEND-016,2.2,Kayseri,Antalya,757.2,11.77,Normal,High,Diesel Truck,0,1293.94
SHP-01241,2026-05-31,VEND-006,4.9,Konya,Antalya,277.9,5.12,Normal,High,Hybrid Van,0,133.76
SHP-01242,2026-05-31,VEND-022,2.7,Bursa,Mersin,1080.1,3.95,Normal,Medium,Diesel Truck,0,615.49
SHP-01243,2026-05-31,VEND-012,4.6,Diyarbakir,Konya,268.6,15.09,Rain,Medium,Diesel Truck,0,577.31
SHP-01244,2026-06-01,VEND-001,4.1,Antalya,Gaziantep,1067.2,13.14,Normal,Medium,Hybrid Van,0,1208.1
SHP-01245,2026-06-01,VEND-024,4.4,Gaziantep,Adana,927.4,18.83,Normal,High,Electric Semi,0,649.52
SHP-01246,2026-06-01,VEND-013,3.9,Malatya,Izmir,326.9,22.42,Normal,High,Diesel Truck,0,1055.72
SHP-01247,2026-06-01,VEND-007,4.3,Malatya,Van,223.4,6.92,Normal,Low,Electric Semi,0,55.05
SHP-01248,2026-06-01,VEND-017,3.4,Istanbul,Mersin,413.7,23.15,Storm,Medium,Diesel Truck,0,1421.87
SHP-01249,2026-06-01,VEND-014,4.5,Gaziantep,Izmir,507.6,13.43,Normal,Low,Diesel Truck,0,937.44
SHP-01250,2026-06-01,VEND-001,4.2,Eskisehir,Samsun,332.7,7.21,Normal,Medium,Diesel Truck,0,335.13
SHP-01251,2026-06-02,VEND-019,4.5,Sakarya,Malatya,1198.7,21.3,Normal,High,Hybrid Van,0,2187.91
SHP-01252,2026-06-03,VEND-011,2.8,Van,Konya,314.1,1.85,Normal,High,Hybrid Van,0,53.43
SHP-01253,2026-06-03,VEND-018,1.7,Kocaeli,Malatya,1005.2,14.43,Normal,Medium,Diesel Truck,0,2066.64
SHP-01254,2026-06-03,VEND-023,4.8,Istanbul,Trabzon,233.0,18.32,Normal,Medium,Diesel Truck,0,594.45
SHP-01255,2026-06-03,VEND-016,2.6,Malatya,Eskisehir,1177.3,7.72,Rain,Low,Diesel Truck,2,1241.69
SHP-01256,2026-06-04,VEND-017,3.3,Bursa,Konya,309.4,21.72,Rain,Low,Diesel Truck,0,898.71
SHP-01257,2026-06-04,VEND-007,4.1,Izmir,Istanbul,534.9,6.77,Normal,Medium,Diesel Truck,0,501.92
SHP-01258,2026-06-04,VEND-006,5.0,Denizli,Konya,692.3,21.16,Normal,High,Electric Semi,0,548.89
SHP-01259,2026-06-04,VEND-011,2.8,Trabzon,Erzurum,188.3,2.89,Normal,Medium,Diesel Truck,0,82.85
SHP-01260,2026-06-05,VEND-022,2.5,Ankara,Diyarbakir,989.3,4.84,Normal,Low,Hybrid Van,0,373.41
SHP-01261,2026-06-05,VEND-014,4.6,Bursa,Sakarya,365.9,10.14,Rain,Medium,Diesel Truck,1,519.58
SHP-01262,2026-06-05,VEND-009,1.9,Kocaeli,Malatya,681.7,21.5,Normal,Low,Diesel Truck,0,1876.45
SHP-01263,2026-06-05,VEND-020,3.5,Gaziantep,Mersin,682.1,4.47,Normal,Low,Diesel Truck,0,364.85
SHP-01264,2026-06-05,VEND-022,2.9,Denizli,Konya,743.0,22.01,Normal,High,Electric Semi,1,624.69
SHP-01265,2026-06-06,VEND-023,5.0,Mersin,Erzurum,113.8,6.51,Normal,Low,Diesel Truck,0,101.5
SHP-01266,2026-06-06,VEND-008,4.1,Kocaeli,Samsun,243.9,11.86,Normal,Medium,Diesel Truck,0,396.89
SHP-01267,2026-06-07,VEND-018,2.0,Kayseri,Gaziantep,235.4,9.47,Normal,Medium,Diesel Truck,3,309.73
SHP-01268,2026-06-07,VEND-015,3.2,Adana,Gaziantep,397.4,3.84,Normal,Low,Electric Semi,0,57.82
SHP-01269,2026-06-07,VEND-012,4.7,Konya,Malatya,216.7,23.66,Normal,Low,Hybrid Van,0,417.96
SHP-01270,2026-06-07,VEND-010,3.3,Denizli,Ankara,1110.2,11.52,Rain,Low,Diesel Truck,0,1738.0
SHP-01271,2026-06-07,VEND-003,4.5,Samsun,Ankara,639.9,17.57,Normal,Low,Diesel Truck,0,1491.45
SHP-01272,2026-06-07,VEND-007,4.2,Kocaeli,Sakarya,767.1,14.81,Normal,High,Diesel Truck,0,1676.11
SHP-01273,2026-06-08,VEND-014,4.3,Kocaeli,Istanbul,461.1,13.04,Normal,Medium,Diesel Truck,0,832.44
SHP-01274,2026-06-08,VEND-023,5.0,Antalya,Bursa,367.7,15.8,Normal,Medium,Hybrid Van,0,491.64
SHP-01275,2026-06-09,VEND-022,2.8,Erzurum,Van,628.7,22.56,Rain,Medium,Diesel Truck,0,2026.03
SHP-01276,2026-06-10,VEND-005,1.8,Kocaeli,Mersin,388.5,17.78,Normal,High,Electric Semi,0,248.11
SHP-01277,2026-06-10,VEND-017,3.3,Eskisehir,Denizli,445.2,13.78,Normal,Low,Hybrid Van,0,525.8
SHP-01278,2026-06-10,VEND-003,4.5,Malatya,Kayseri,570.7,16.48,Normal,High,Electric Semi,0,381.1
SHP-01279,2026-06-11,VEND-017,3.4,Erzurum,Ankara,631.6,15.55,Normal,Low,Diesel Truck,0,1293.15
SHP-01280,2026-06-11,VEND-009,1.7,Denizli,Bursa,1182.0,11.39,Rain,High,Electric Semi,2,512.87
SHP-01281,2026-06-12,VEND-012,4.5,Sakarya,Eskisehir,306.8,15.99,Normal,Low,Diesel Truck,0,669.19
SHP-01282,2026-06-12,VEND-018,1.8,Kayseri,Ankara,611.2,11.65,Normal,Low,Diesel Truck,4,914.23
SHP-01283,2026-06-13,VEND-011,2.4,Eskisehir,Kocaeli,221.9,19.18,Normal,Medium,Hybrid Van,0,364.0
SHP-01284,2026-06-13,VEND-021,4.2,Konya,Adana,452.5,24.25,Normal,Low,Diesel Truck,0,1379.3
SHP-01285,2026-06-13,VEND-014,4.3,Eskisehir,Adana,874.9,24.04,Normal,High,Diesel Truck,0,3217.94
SHP-01286,2026-06-14,VEND-025,4.4,Ankara,Van,250.6,20.7,Normal,Medium,Diesel Truck,0,678.95
SHP-01287,2026-06-14,VEND-016,2.2,Erzurum,Kocaeli,718.6,15.44,Normal,Medium,Diesel Truck,1,1511.51
SHP-01288,2026-06-15,VEND-008,4.4,Antalya,Trabzon,529.2,18.98,Normal,Low,Electric Semi,0,330.57
SHP-01289,2026-06-15,VEND-020,3.6,Denizli,Konya,109.3,5.27,Normal,Medium,Hybrid Van,0,52.02
SHP-01290,2026-06-15,VEND-011,2.8,Istanbul,Mersin,1123.0,12.5,Normal,Low,Electric Semi,0,486.52
SHP-01291,2026-06-15,VEND-014,4.5,Bursa,Eskisehir,525.6,7.18,Normal,High,Diesel Truck,0,567.17
SHP-01292,2026-06-16,VEND-004,3.8,Van,Istanbul,951.5,1.08,Normal,Medium,Diesel Truck,1,145.38
SHP-01293,2026-06-16,VEND-003,4.6,Diyarbakir,Antalya,528.8,24.2,Normal,Medium,Diesel Truck,0,1797.85
SHP-01294,2026-06-17,VEND-015,3.0,Antalya,Trabzon,1128.0,21.73,Normal,High,Diesel Truck,0,3405.98
SHP-01295,2026-06-17,VEND-005,1.8,Izmir,Trabzon,384.0,13.33,Normal,Medium,Hybrid Van,2,426.4
SHP-01296,2026-06-17,VEND-025,4.3,Diyarbakir,Ankara,524.1,7.1,Normal,Medium,Electric Semi,0,135.93
SHP-01297,2026-06-17,VEND-022,2.8,Van,Eskisehir,922.7,17.63,Normal,Low,Hybrid Van,0,1324.78
SHP-01298,2026-06-18,VEND-018,2.0,Bursa,Kocaeli,445.2,11.44,Normal,Medium,Hybrid Van,0,432.63
SHP-01299,2026-06-18,VEND-019,4.3,Denizli,Antalya,469.0,20.28,Normal,Medium,Diesel Truck,0,1322.29
SHP-01300,2026-06-18,VEND-015,2.9,Gaziantep,Sakarya,1194.0,24.99,Rain,Low,Electric Semi,2,1085.83
SHP-01301,2026-06-18,VEND-002,2.9,Eskisehir,Van,689.0,9.38,Normal,High,Electric Semi,0,255.44
SHP-01302,2026-06-18,VEND-010,3.2,Mersin,Kayseri,842.8,6.87,Normal,Low,Hybrid Van,0,454.62
SHP-01303,2026-06-18,VEND-013,3.9,Izmir,Konya,790.0,7.42,Rain,Medium,Diesel Truck,0,834.48
SHP-01304,2026-06-18,VEND-023,4.9,Konya,Gaziantep,1002.1,3.24,Normal,Low,Electric Semi,0,120.69
SHP-01305,2026-06-18,VEND-006,4.7,Samsun,Trabzon,1041.1,10.46,Normal,Medium,Diesel Truck,0,1406.01
SHP-01306,2026-06-19,VEND-013,3.9,Sakarya,Istanbul,697.7,1.42,Normal,High,Electric Semi,1,40.38
SHP-01307,2026-06-19,VEND-009,1.7,Istanbul,Samsun,388.7,3.75,Normal,Low,Hybrid Van,1,123.06
SHP-01308,2026-06-20,VEND-004,4.1,Van,Istanbul,76.2,7.52,Normal,Medium,Hybrid Van,0,54.11
SHP-01309,2026-06-21,VEND-003,4.9,Trabzon,Istanbul,756.6,4.84,Normal,Medium,Diesel Truck,0,514.38
SHP-01310,2026-06-21,VEND-010,3.2,Malatya,Mersin,999.3,18.57,Normal,High,Diesel Truck,0,2670.46
SHP-01311,2026-06-21,VEND-003,4.6,Erzurum,Eskisehir,568.1,3.53,Normal,Low,Hybrid Van,0,166.55
SHP-01312,2026-06-22,VEND-002,2.9,Bursa,Malatya,239.4,21.78,Normal,High,Electric Semi,0,197.93
SHP-01313,2026-06-22,VEND-009,1.6,Ankara,Izmir,381.3,6.31,Normal,Medium,Hybrid Van,2,201.96
SHP-01314,2026-06-22,VEND-006,4.8,Sakarya,Antalya,636.5,3.61,Normal,Medium,Diesel Truck,0,306.2
SHP-01315,2026-06-22,VEND-014,4.2,Bursa,Kayseri,1012.2,1.24,Normal,Medium,Hybrid Van,0,113.43
SHP-01316,2026-06-22,VEND-001,4.0,Izmir,Kocaeli,247.5,18.16,Normal,Medium,Electric Semi,0,167.39
SHP-01317,2026-06-22,VEND-008,4.6,Kayseri,Van,754.0,7.16,Rain,Medium,Diesel Truck,0,739.47
SHP-01318,2026-06-22,VEND-012,4.7,Erzurum,Denizli,916.4,13.23,Normal,Low,Diesel Truck,0,1597.01
SHP-01319,2026-06-22,VEND-025,4.3,Sakarya,Samsun,1126.5,3.68,Normal,Medium,Electric Semi,0,157.76
SHP-01320,2026-06-23,VEND-016,2.3,Samsun,Ankara,184.2,24.65,Normal,Medium,Diesel Truck,0,640.73
SHP-01321,2026-06-23,VEND-023,4.9,Bursa,Ankara,1115.4,4.01,Normal,Medium,Hybrid Van,0,365.82
SHP-01322,2026-06-23,VEND-009,2.0,Konya,Izmir,741.7,10.89,Normal,Low,Electric Semi,0,257.48
SHP-01323,2026-06-23,VEND-012,4.7,Denizli,Trabzon,931.7,21.44,Normal,Medium,Diesel Truck,1,2741.16
SHP-01324,2026-06-24,VEND-011,2.9,Bursa,Adana,111.8,6.88,Normal,Medium,Diesel Truck,0,109.33
SHP-01325,2026-06-24,VEND-023,4.9,Samsun,Antalya,632.1,7.41,Normal,Medium,Hybrid Van,0,401.21
SHP-01326,2026-06-24,VEND-024,4.5,Istanbul,Denizli,766.0,20.4,Storm,High,Electric Semi,0,670.1
SHP-01327,2026-06-24,VEND-025,4.0,Konya,Diyarbakir,402.9,7.56,Normal,Medium,Hybrid Van,0,266.19
SHP-01328,2026-06-24,VEND-019,4.1,Antalya,Kayseri,546.4,1.07,Normal,Medium,Hybrid Van,0,55.57
SHP-01329,2026-06-24,VEND-013,3.8,Denizli,Malatya,687.4,11.27,Normal,Low,Electric Semi,0,282.76
SHP-01330,2026-06-24,VEND-014,4.4,Erzurum,Denizli,685.4,1.3,Normal,High,Hybrid Van,0,87.16
SHP-01331,2026-06-24,VEND-025,4.0,Izmir,Eskisehir,98.1,22.84,Normal,Low,Electric Semi,0,83.23
SHP-01332,2026-06-25,VEND-008,4.3,Sakarya,Malatya,555.4,16.4,Storm,Medium,Diesel Truck,0,1397.88
SHP-01333,2026-06-25,VEND-009,1.9,Denizli,Bursa,295.9,14.99,Normal,Low,Diesel Truck,0,583.9
SHP-01334,2026-06-25,VEND-023,4.6,Van,Eskisehir,1104.2,5.84,Rain,Low,Diesel Truck,0,837.98
SHP-01335,2026-06-25,VEND-010,3.0,Erzurum,Van,1173.1,17.8,Normal,High,Electric Semi,1,865.57
SHP-01336,2026-06-25,VEND-006,5.0,Izmir,Van,394.6,17.25,Normal,Low,Diesel Truck,0,894.58
SHP-01337,2026-06-25,VEND-015,3.2,Eskisehir,Samsun,251.5,2.45,Normal,Low,Electric Semi,0,23.92
SHP-01338,2026-06-25,VEND-009,1.7,Kocaeli,Sakarya,302.4,22.14,Rain,Low,Hybrid Van,0,546.62
SHP-01339,2026-06-26,VEND-023,4.9,Izmir,Malatya,599.4,14.91,Normal,High,Diesel Truck,0,1324.01
SHP-01340,2026-06-26,VEND-023,5.0,Gaziantep,Malatya,1055.7,20.02,Normal,High,Diesel Truck,0,2808.79
SHP-01341,2026-06-26,VEND-008,4.4,Erzurum,Malatya,625.0,7.31,Normal,High,Electric Semi,0,175.36
SHP-01342,2026-06-26,VEND-014,4.4,Samsun,Diyarbakir,113.7,3.93,Normal,High,Diesel Truck,0,72.48
SHP-01343,2026-06-26,VEND-025,4.1,Konya,Mersin,95.9,17.86,Normal,High,Hybrid Van,0,157.28
SHP-01344,2026-06-26,VEND-019,4.3,Konya,Eskisehir,311.5,20.05,Normal,Medium,Diesel Truck,0,880.15
SHP-01345,2026-06-26,VEND-006,5.0,Diyarbakir,Adana,1019.2,10.26,Normal,Low,Diesel Truck,0,1322.52
SHP-01346,2026-06-27,VEND-015,3.1,Gaziantep,Diyarbakir,764.7,1.57,Normal,Low,Electric Semi,0,44.38
SHP-01347,2026-06-27,VEND-016,2.4,Bursa,Diyarbakir,697.4,20.64,Normal,Low,Diesel Truck,1,1948.42
SHP-01348,2026-06-27,VEND-017,3.4,Kocaeli,Erzurum,416.8,5.95,Normal,Medium,Diesel Truck,0,367.79
SHP-01349,2026-06-28,VEND-001,4.3,Van,Kocaeli,1118.8,9.14,Normal,Low,Diesel Truck,0,1365.71
SHP-01350,2026-06-28,VEND-008,4.3,Bursa,Samsun,430.9,16.08,Normal,Low,Diesel Truck,0,896.23
SHP-01351,2026-06-28,VEND-022,2.8,Gaziantep,Bursa,1010.2,3.4,Normal,Medium,Hybrid Van,0,278.86
SHP-01352,2026-06-28,VEND-007,4.3,Kayseri,Denizli,1080.3,2.73,Storm,Low,Diesel Truck,0,445.91
SHP-01353,2026-06-28,VEND-008,4.2,Bursa,Kocaeli,605.8,1.62,Normal,Low,Diesel Truck,0,138.58
SHP-01354,2026-06-29,VEND-009,1.6,Denizli,Kayseri,1078.4,23.0,Normal,Low,Diesel Truck,0,3230.28
SHP-01355,2026-06-29,VEND-005,2.0,Gaziantep,Denizli,368.3,8.47,Normal,Medium,Diesel Truck,0,409.18
SHP-01356,2026-06-29,VEND-004,3.9,Izmir,Malatya,807.2,16.86,Normal,Low,Diesel Truck,0,1727.57
SHP-01357,2026-06-29,VEND-009,1.6,Gaziantep,Izmir,151.2,24.74,Normal,Low,Hybrid Van,0,309.0
SHP-01358,2026-06-30,VEND-022,2.6,Erzurum,Mersin,595.0,17.07,Normal,Low,Diesel Truck,0,1342.47
SHP-01359,2026-06-30,VEND-001,4.3,Erzurum,Denizli,299.9,13.6,Normal,High,Electric Semi,1,149.41
SHP-01360,2026-07-01,VEND-008,4.3,Samsun,Diyarbakir,122.2,13.5,Normal,Low,Diesel Truck,0,226.68
SHP-01361,2026-07-01,VEND-002,2.9,Mersin,Sakarya,54.3,10.05,Normal,Low,Diesel Truck,0,75.23
SHP-01362,2026-07-02,VEND-015,3.3,Diyarbakir,Sakarya,423.5,15.39,Normal,High,Diesel Truck,0,979.04
SHP-01363,2026-07-02,VEND-007,4.0,Bursa,Malatya,728.0,24.01,Normal,High,Electric Semi,0,678.82
SHP-01364,2026-07-03,VEND-020,3.6,Denizli,Van,573.5,19.91,Normal,Low,Hybrid Van,0,904.72
SHP-01365,2026-07-03,VEND-015,3.1,Denizli,Kocaeli,397.0,11.18,Normal,Low,Diesel Truck,0,602.38
SHP-01366,2026-07-03,VEND-020,3.8,Eskisehir,Antalya,1189.9,8.98,Normal,Low,Hybrid Van,0,867.93
SHP-01367,2026-07-03,VEND-016,2.4,Antalya,Kocaeli,1130.5,22.2,Rain,Medium,Diesel Truck,0,3642.75
SHP-01368,2026-07-03,VEND-011,2.9,Eskisehir,Denizli,194.5,4.26,Normal,Low,Electric Semi,0,30.57
SHP-01369,2026-07-03,VEND-022,2.7,Trabzon,Ankara,527.4,21.39,Normal,High,Electric Semi,0,437.79
SHP-01370,2026-07-04,VEND-012,4.8,Malatya,Eskisehir,796.2,7.12,Normal,High,Diesel Truck,1,812.45
SHP-01371,2026-07-04,VEND-024,4.6,Bursa,Kocaeli,893.5,18.18,Normal,Medium,Diesel Truck,0,2221.88
SHP-01372,2026-07-04,VEND-025,4.2,Trabzon,Erzurum,471.3,20.35,Normal,Low,Diesel Truck,0,1318.74
SHP-01373,2026-07-04,VEND-015,3.1,Diyarbakir,Antalya,908.2,12.45,Normal,High,Electric Semi,0,430.38
SHP-01374,2026-07-05,VEND-017,3.4,Gaziantep,Erzurum,192.8,5.61,Normal,Medium,Diesel Truck,0,157.56
SHP-01375,2026-07-05,VEND-007,4.3,Eskisehir,Mersin,431.6,21.27,Normal,High,Hybrid Van,0,790.8
SHP-01376,2026-07-05,VEND-021,4.3,Ankara,Kocaeli,873.9,9.82,Rain,Low,Diesel Truck,0,1085.57
SHP-01377,2026-07-05,VEND-017,3.4,Eskisehir,Trabzon,769.5,8.7,Normal,Medium,Hybrid Van,0,564.65
SHP-01378,2026-07-05,VEND-023,4.8,Trabzon,Kocaeli,1012.8,13.24,Normal,High,Diesel Truck,0,1947.76
SHP-01379,2026-07-06,VEND-007,4.2,Bursa,Erzurum,103.9,11.44,Normal,High,Electric Semi,0,47.26
SHP-01380,2026-07-06,VEND-020,3.7,Ankara,Antalya,250.6,17.39,Normal,Medium,Diesel Truck,0,570.7
SHP-01381,2026-07-06,VEND-012,4.7,Eskisehir,Denizli,105.8,4.29,Normal,Medium,Diesel Truck,0,70.32
SHP-01382,2026-07-07,VEND-005,2.1,Antalya,Van,270.9,11.46,Normal,Medium,Diesel Truck,0,431.47
SHP-01383,2026-07-07,VEND-005,1.7,Kayseri,Antalya,54.9,22.4,Normal,Medium,Electric Semi,0,45.09
SHP-01384,2026-07-07,VEND-015,3.2,Ankara,Gaziantep,629.8,1.87,Normal,High,Diesel Truck,0,170.02
SHP-01385,2026-07-07,VEND-008,4.5,Van,Kayseri,657.6,11.98,Normal,Medium,Electric Semi,0,286.14
SHP-01386,2026-07-08,VEND-003,4.5,Samsun,Eskisehir,806.6,16.85,Storm,Low,Hybrid Van,0,1201.69
SHP-01387,2026-07-08,VEND-011,3.2,Erzurum,Van,492.6,22.31,Normal,Low,Diesel Truck,0,1454.65
SHP-01388,2026-07-08,VEND-017,3.3,Bursa,Diyarbakir,53.7,15.25,Normal,Medium,Diesel Truck,0,115.89
SHP-01389,2026-07-09,VEND-008,4.3,Antalya,Diyarbakir,825.0,20.79,Rain,High,Diesel Truck,0,2545.76
SHP-01390,2026-07-09,VEND-024,4.5,Trabzon,Mersin,112.4,6.34,Normal,Low,Diesel Truck,0,103.32
SHP-01391,2026-07-10,VEND-020,3.6,Trabzon,Denizli,1046.1,9.47,Normal,Medium,Diesel Truck,0,1300.28
SHP-01392,2026-07-10,VEND-013,3.8,Sakarya,Antalya,76.1,23.61,Normal,High,Electric Semi,0,70.96
SHP-01393,2026-07-10,VEND-024,4.7,Erzurum,Mersin,660.0,22.26,Normal,Medium,Diesel Truck,0,2074.79
SHP-01394,2026-07-10,VEND-011,2.8,Diyarbakir,Bursa,1079.2,14.39,Rain,Low,Diesel Truck,0,2007.82
SHP-01395,2026-07-10,VEND-004,4.1,Izmir,Istanbul,708.4,12.41,Normal,Medium,Electric Semi,0,332.71
SHP-01396,2026-07-10,VEND-001,4.2,Konya,Malatya,749.7,11.83,Normal,Medium,Diesel Truck,1,1266.05
SHP-01397,2026-07-10,VEND-024,4.6,Erzurum,Sakarya,833.9,2.41,Storm,Low,Electric Semi,0,77.07
SHP-01398,2026-07-11,VEND-024,5.0,Samsun,Kayseri,190.8,22.42,Normal,Medium,Hybrid Van,0,356.36
SHP-01399,2026-07-11,VEND-019,4.5,Malatya,Istanbul,826.2,20.64,Normal,Medium,Diesel Truck,0,2385.57
SHP-01400,2026-07-11,VEND-003,4.4,Kocaeli,Ankara,1062.4,11.95,Normal,Medium,Diesel Truck,0,1715.14
SHP-01401,2026-07-11,VEND-008,4.2,Istanbul,Bursa,1170.4,7.71,Normal,Medium,Hybrid Van,0,701.64
SHP-01402,2026-07-11,VEND-002,2.9,Kayseri,Eskisehir,559.5,9.23,Normal,Low,Electric Semi,0,181.71
SHP-01403,2026-07-11,VEND-002,3.1,Diyarbakir,Bursa,446.2,3.96,Normal,Low,Hybrid Van,0,147.41
SHP-01404,2026-07-11,VEND-007,4.1,Denizli,Antalya,916.3,18.32,Normal,Low,Hybrid Van,0,1376.83
SHP-01405,2026-07-11,VEND-015,3.1,Izmir,Malatya,674.3,14.36,Normal,Low,Diesel Truck,0,1233.32
SHP-01406,2026-07-11,VEND-002,3.0,Antalya,Malatya,345.9,6.62,Normal,Medium,Diesel Truck,0,315.34
SHP-01407,2026-07-12,VEND-025,4.3,Malatya,Eskisehir,248.0,15.95,Normal,Low,Electric Semi,0,144.05
SHP-01408,2026-07-12,VEND-012,4.6,Van,Gaziantep,245.8,24.5,Normal,Medium,Electric Semi,0,220.37
SHP-01409,2026-07-12,VEND-007,4.0,Sakarya,Kocaeli,578.1,3.94,Normal,Low,Electric Semi,0,77.5
SHP-01410,2026-07-12,VEND-013,3.8,Ankara,Antalya,245.6,12.0,Normal,Low,Diesel Truck,0,405.66
SHP-01411,2026-07-12,VEND-020,3.8,Trabzon,Malatya,72.7,12.86,Rain,Low,Hybrid Van,0,80.64
SHP-01412,2026-07-13,VEND-008,4.3,Diyarbakir,Ankara,109.9,5.0,Normal,Medium,Diesel Truck,0,85.32
SHP-01413,2026-07-13,VEND-002,2.9,Trabzon,Sakarya,1119.4,13.76,Storm,Medium,Diesel Truck,0,2163.53
SHP-01414,2026-07-13,VEND-002,3.1,Kocaeli,Kayseri,133.9,15.54,Normal,High,Diesel Truck,1,305.24
SHP-01415,2026-07-13,VEND-022,2.6,Kayseri,Sakarya,134.2,4.78,Normal,Low,Diesel Truck,0,92.79
SHP-01416,2026-07-13,VEND-003,4.4,Antalya,Kayseri,568.9,4.71,Normal,Medium,Electric Semi,0,98.84
SHP-01417,2026-07-13,VEND-016,2.2,Gaziantep,Bursa,331.9,21.55,Normal,High,Diesel Truck,0,994.99
SHP-01418,2026-07-14,VEND-010,3.3,Eskisehir,Sakarya,1157.1,8.47,Normal,Low,Electric Semi,1,319.85
SHP-01419,2026-07-14,VEND-020,3.8,Ankara,Trabzon,1097.6,16.13,Normal,Low,Diesel Truck,0,2415.1
SHP-01420,2026-07-14,VEND-002,3.1,Ankara,Kayseri,515.5,16.04,Storm,Low,Diesel Truck,3,1178.26
SHP-01421,2026-07-14,VEND-023,5.0,Adana,Mersin,566.0,21.14,Rain,Low,Diesel Truck,0,1666.76
SHP-01422,2026-07-14,VEND-018,2.1,Sakarya,Konya,481.4,18.76,Normal,High,Diesel Truck,0,1336.47
SHP-01423,2026-07-14,VEND-012,4.4,Denizli,Kayseri,93.5,21.17,Normal,Medium,Electric Semi,0,74.93
SHP-01424,2026-07-15,VEND-006,4.8,Kocaeli,Antalya,386.8,16.01,Normal,Medium,Diesel Truck,0,837.42
SHP-01425,2026-07-15,VEND-025,4.1,Samsun,Gaziantep,191.1,11.79,Normal,High,Diesel Truck,2,335.85
SHP-01426,2026-07-15,VEND-008,4.2,Izmir,Konya,167.7,10.45,Normal,Medium,Diesel Truck,0,255.79
SHP-01427,2026-07-15,VEND-013,3.6,Konya,Istanbul,695.0,10.1,Normal,Medium,Diesel Truck,0,959.74
SHP-01428,2026-07-15,VEND-010,3.1,Ankara,Erzurum,163.6,11.04,Normal,Low,Diesel Truck,0,256.65
SHP-01429,2026-07-15,VEND-006,4.7,Sakarya,Antalya,168.4,4.1,Normal,Medium,Hybrid Van,0,58.83
SHP-01430,2026-07-16,VEND-011,2.9,Sakarya,Bursa,602.6,11.18,Rain,Low,Diesel Truck,0,866.45
SHP-01431,2026-07-16,VEND-004,3.9,Gaziantep,Izmir,558.6,10.35,Normal,Low,Diesel Truck,0,782.11
SHP-01432,2026-07-17,VEND-001,4.3,Gaziantep,Van,208.3,1.83,Rain,Low,Hybrid Van,1,34.66
SHP-01433,2026-07-17,VEND-008,4.4,Konya,Samsun,55.1,7.6,Normal,Medium,Electric Semi,0,17.83
SHP-01434,2026-07-17,VEND-003,4.6,Malatya,Konya,271.9,19.05,Normal,Medium,Diesel Truck,0,737.04
SHP-01435,2026-07-17,VEND-011,2.7,Kayseri,Adana,321.3,14.87,Rain,Medium,Electric Semi,0,189.34
SHP-01436,2026-07-17,VEND-022,3.0,Sakarya,Ankara,970.3,20.35,Normal,Low,Hybrid Van,0,1625.67
SHP-01437,2026-07-18,VEND-005,1.8,Mersin,Gaziantep,1102.8,14.02,Normal,High,Diesel Truck,2,2158.39
SHP-01438,2026-07-18,VEND-001,3.9,Denizli,Antalya,516.8,21.5,Normal,Low,Diesel Truck,0,1380.15
SHP-01439,2026-07-18,VEND-003,4.3,Samsun,Diyarbakir,515.8,20.11,Normal,High,Hybrid Van,0,958.35
SHP-01440,2026-07-18,VEND-013,3.5,Gaziantep,Ankara,869.4,3.36,Normal,Medium,Hybrid Van,0,236.08
SHP-01441,2026-07-18,VEND-007,4.2,Malatya,Mersin,771.0,24.45,Normal,Medium,Hybrid Van,0,1647.33
SHP-01442,2026-07-18,VEND-013,3.8,Eskisehir,Diyarbakir,261.8,1.35,Normal,Medium,Diesel Truck,0,57.23
SHP-01443,2026-07-19,VEND-001,4.1,Sakarya,Diyarbakir,173.8,15.32,Normal,High,Hybrid Van,0,238.16
SHP-01444,2026-07-19,VEND-009,2.2,Erzurum,Kayseri,553.3,20.02,Normal,Medium,Diesel Truck,0,1525.91
SHP-01445,2026-07-19,VEND-011,2.9,Antalya,Gaziantep,699.6,8.97,Normal,Low,Electric Semi,1,224.23
SHP-01446,2026-07-19,VEND-011,2.9,Ankara,Adana,209.5,15.37,Normal,High,Hybrid Van,2,286.01
SHP-01447,2026-07-19,VEND-014,4.3,Kocaeli,Antalya,387.3,9.69,Storm,Low,Diesel Truck,2,558.46
SHP-01448,2026-07-20,VEND-020,3.6,Konya,Denizli,401.8,2.45,Normal,Medium,Diesel Truck,0,147.32
SHP-01449,2026-07-20,VEND-012,4.7,Mersin,Gaziantep,350.5,1.2,Normal,Medium,Electric Semi,0,16.95
SHP-01450,2026-07-20,VEND-022,2.7,Antalya,Trabzon,579.9,3.28,Normal,High,Hybrid Van,1,168.69
SHP-01451,2026-07-21,VEND-014,4.1,Adana,Denizli,801.0,3.36,Rain,Medium,Diesel Truck,0,398.38
SHP-01452,2026-07-21,VEND-007,4.2,Adana,Erzurum,635.8,15.66,Normal,Low,Hybrid Van,0,751.96
SHP-01453,2026-07-21,VEND-006,4.9,Adana,Mersin,281.7,13.62,Normal,Medium,Diesel Truck,0,534.07
SHP-01454,2026-07-21,VEND-009,1.9,Eskisehir,Van,168.4,11.93,Rain,Low,Diesel Truck,2,283.4
SHP-01455,2026-07-21,VEND-015,3.0,Kocaeli,Adana,995.2,17.61,Normal,Medium,Diesel Truck,0,2318.68
SHP-01456,2026-07-21,VEND-007,4.1,Kayseri,Denizli,601.2,1.4,Storm,Medium,Hybrid Van,0,82.46
SHP-01457,2026-07-21,VEND-023,4.9,Izmir,Denizli,121.5,7.5,Normal,High,Diesel Truck,0,139.0
SHP-01458,2026-07-22,VEND-012,4.7,Kocaeli,Diyarbakir,346.8,19.66,Normal,Low,Electric Semi,0,236.2
SHP-01459,2026-07-22,VEND-022,2.8,Bursa,Kayseri,974.6,22.84,Normal,Low,Diesel Truck,1,2985.63
SHP-01460,2026-07-22,VEND-018,1.9,Konya,Diyarbakir,914.5,11.52,Rain,Medium,Hybrid Van,0,877.55
SHP-01461,2026-07-22,VEND-009,1.9,Mersin,Konya,1057.2,2.96,Normal,Low,Hybrid Van,0,260.98
SHP-01462,2026-07-22,VEND-006,4.8,Izmir,Samsun,742.4,20.17,Normal,Low,Diesel Truck,1,1838.4
SHP-01463,2026-07-22,VEND-019,4.5,Adana,Samsun,536.3,22.24,Normal,Medium,Diesel Truck,0,1634.79
SHP-01464,2026-07-23,VEND-009,2.0,Gaziantep,Eskisehir,540.6,10.93,Normal,Medium,Diesel Truck,0,808.25
SHP-01465,2026-07-23,VEND-007,4.1,Diyarbakir,Kocaeli,273.1,6.84,Normal,Low,Diesel Truck,0,246.78
SHP-01466,2026-07-23,VEND-024,4.7,Malatya,Ankara,798.4,2.06,Normal,Medium,Hybrid Van,0,142.65
SHP-01467,2026-07-24,VEND-013,3.9,Istanbul,Diyarbakir,722.8,15.19,Normal,High,Electric Semi,0,423.34
SHP-01468,2026-07-24,VEND-002,3.2,Trabzon,Sakarya,228.1,22.84,Normal,Medium,Diesel Truck,0,735.24
SHP-01469,2026-07-24,VEND-013,4.1,Trabzon,Ankara,1068.5,17.27,Normal,Low,Electric Semi,0,658.23
SHP-01470,2026-07-24,VEND-012,4.6,Adana,Van,473.7,8.61,Normal,Low,Diesel Truck,0,545.52
SHP-01471,2026-07-24,VEND-022,2.7,Kayseri,Denizli,107.2,16.43,Normal,Low,Diesel Truck,0,239.04
SHP-01472,2026-07-24,VEND-018,1.7,Sakarya,Ankara,427.1,20.97,Normal,Medium,Diesel Truck,0,1201.94
SHP-01473,2026-07-25,VEND-005,1.8,Adana,Samsun,1050.3,12.42,Normal,Medium,Diesel Truck,0,1755.92
SHP-01474,2026-07-25,VEND-004,3.8,Ankara,Diyarbakir,1104.5,20.67,Normal,Low,Electric Semi,0,806.51
SHP-01475,2026-07-25,VEND-016,2.1,Adana,Gaziantep,614.0,10.41,Normal,Low,Diesel Truck,0,834.56
SHP-01476,2026-07-25,VEND-002,3.0,Gaziantep,Erzurum,1149.8,9.36,Normal,Low,Electric Semi,0,390.78
SHP-01477,2026-07-26,VEND-008,4.2,Adana,Mersin,1056.5,14.99,Normal,Low,Diesel Truck,0,2072.6
SHP-01478,2026-07-26,VEND-004,3.9,Antalya,Gaziantep,999.0,12.15,Normal,High,Electric Semi,0,474.25
SHP-01479,2026-07-26,VEND-001,4.1,Izmir,Adana,1038.7,24.45,Normal,Low,Diesel Truck,0,3170.24
SHP-01480,2026-07-26,VEND-023,4.7,Van,Kayseri,489.2,13.39,Normal,Low,Diesel Truck,0,883.87
SHP-01481,2026-07-27,VEND-003,4.5,Izmir,Eskisehir,919.9,10.24,Normal,Medium,Diesel Truck,0,1259.52
SHP-01482,2026-07-27,VEND-001,4.2,Eskisehir,Erzurum,713.9,10.48,Normal,Low,Diesel Truck,0,949.94
SHP-01483,2026-07-27,VEND-024,4.7,Eskisehir,Bursa,877.6,14.15,Normal,Low,Diesel Truck,0,1702.47
SHP-01484,2026-07-27,VEND-005,2.1,Trabzon,Van,254.5,9.52,Normal,Medium,Diesel Truck,0,342.92
SHP-01485,2026-07-27,VEND-021,4.2,Erzurum,Samsun,891.1,18.35,Normal,Low,Hybrid Van,0,1350.6
SHP-01486,2026-07-28,VEND-001,4.3,Istanbul,Bursa,1151.2,10.14,Normal,Low,Diesel Truck,0,1546.31
SHP-01487,2026-07-28,VEND-004,3.7,Konya,Erzurum,398.1,10.22,Normal,Medium,Electric Semi,0,149.24
SHP-01488,2026-07-28,VEND-003,4.3,Bursa,Adana,1184.1,15.81,Normal,Medium,Electric Semi,0,677.26
SHP-01489,2026-07-28,VEND-018,1.9,Kocaeli,Trabzon,485.1,2.46,Normal,Low,Diesel Truck,0,166.95
SHP-01490,2026-07-29,VEND-016,2.2,Trabzon,Eskisehir,279.7,16.73,Normal,High,Electric Semi,0,187.98
SHP-01491,2026-07-29,VEND-012,4.5,Malatya,Istanbul,179.1,13.12,Normal,Low,Diesel Truck,0,312.83
SHP-01492,2026-07-29,VEND-007,4.2,Adana,Antalya,952.7,11.87,Normal,High,Electric Semi,0,464.2
SHP-01493,2026-07-30,VEND-003,4.5,Antalya,Eskisehir,688.0,18.26,Normal,High,Hybrid Van,1,1103.36
SHP-01494,2026-07-30,VEND-015,3.0,Erzurum,Konya,403.2,19.2,Normal,Medium,Hybrid Van,0,621.14
SHP-01495,2026-07-31,VEND-006,4.9,Denizli,Istanbul,749.7,21.31,Normal,Low,Diesel Truck,0,1977.22
SHP-01496,2026-07-31,VEND-015,3.3,Sakarya,Istanbul,431.9,10.0,Normal,High,Electric Semi,0,159.43
SHP-01497,2026-07-31,VEND-018,1.6,Mersin,Diyarbakir,565.6,8.85,Normal,Medium,Diesel Truck,3,676.57
SHP-01498,2026-07-31,VEND-022,2.5,Mersin,Izmir,1042.1,18.14,Storm,Low,Diesel Truck,4,2644.18
SHP-01499,2026-07-31,VEND-013,3.9,Adana,Ankara,818.4,14.96,Normal,Medium,Diesel Truck,0,1697.68
SHP-01500,2026-07-31,VEND-001,4.3,Eskisehir,Samsun,926.8,16.16,Normal,Medium,Diesel Truck,0,2031.48
